run_id,episode_index,step_count,time_start,time_end,time_delta_ms,observation_state,action_taken,reward_received,terminated,bits_per_value,row_length,neighborhood_radius,num_ca_ticks,boundary_condition,action_decoding,rule_index
20250519_101504,0,0,110732.088936,110732.0897222,0.7862000056775287,[-0.0088329  -0.02279286  0.01726965 -0.0237827 ],0,1.0,False,16,64,2,10,,center,"[0, 0, 1, 1, 0, 1, 1, 0, 0, 0, 1, 1, 1, 1, 1, 0, 1, 0, 0, 1, 1, 1, 0, 0, 0, 1, 0, 0, 1, 0, 1, 1]"
20250519_101504,0,1,110732.1089969,110732.1104197,1.4227999927243218,[-0.00928875 -0.21815816  0.01679399  0.27429858],0,1.0,False,16,64,2,10,,center,"[0, 0, 1, 1, 0, 1, 1, 0, 0, 0, 1, 1, 1, 1, 1, 0, 1, 0, 0, 1, 1, 1, 0, 0, 0, 1, 0, 0, 1, 0, 1, 1]"
20250519_101504,0,2,110732.1289971,110732.129777,0.7799000013619661,[-0.01365192 -0.41351566  0.02227997  0.5722307 ],1,1.0,False,16,64,2,10,,center,"[0, 0, 1, 1, 0, 1, 1, 0, 0, 0, 1, 1, 1, 1, 1, 0, 1, 0, 0, 1, 1, 1, 0, 0, 0, 1, 0, 0, 1, 0, 1, 1]"
20250519_101504,0,3,110732.1491387,110732.1498947,0.7559999939985573,[-0.02192223 -0.21871307  0.03372458  0.28664914],1,1.0,False,16,64,2,10,,center,"[0, 0, 1, 1, 0, 1, 1, 0, 0, 0, 1, 1, 1, 1, 1, 0, 1, 0, 0, 1, 1, 1, 0, 0, 0, 1, 0, 0, 1, 0, 1, 1]"
20250519_101504,0,4,110732.1694719,110732.1702389,0.7670000049984083,[-0.02629649 -0.02408791  0.03945756  0.00479052],1,1.0,False,16,64,2,10,,center,"[0, 0, 1, 1, 0, 1, 1, 0, 0, 0, 1, 1, 1, 1, 1, 0, 1, 0, 0, 1, 1, 1, 0, 0, 0, 1, 0, 0, 1, 0, 1, 1]"
20250519_101504,0,5,110732.1908921,110732.1916687,0.7766000053379685,[-0.02677825  0.1704466   0.03955337 -0.2751866 ],0,1.0,False,16,64,2,10,,center,"[0, 0, 1, 1, 0, 1, 1, 0, 0, 0, 1, 1, 1, 1, 1, 0, 1, 0, 0, 1, 1, 1, 0, 0, 0, 1, 0, 0, 1, 0, 1, 1]"
20250519_101504,0,6,110732.2119899,110732.212788,0.7981000089785084,[-0.02336932 -0.0252167   0.03404964  0.02970446],1,1.0,False,16,64,2,10,,center,"[0, 0, 1, 1, 0, 1, 1, 0, 0, 0, 1, 1, 1, 1, 1, 0, 1, 0, 0, 1, 1, 1, 0, 0, 0, 1, 0, 0, 1, 0, 1, 1]"
20250519_101504,0,7,110732.2320211,110732.2328031,0.782000002800487,[-0.02387365  0.16940083  0.03464373 -0.25204396],0,1.0,False,16,64,2,10,,center,"[0, 0, 1, 1, 0, 1, 1, 0, 0, 0, 1, 1, 1, 1, 1, 0, 1, 0, 0, 1, 1, 1, 0, 0, 0, 1, 0, 0, 1, 0, 1, 1]"
20250519_101504,0,8,110732.2522501,110732.2530083,0.7581999961985275,[-0.02048563 -0.02619825  0.02960285  0.05136182],1,1.0,False,16,64,2,10,,center,"[0, 0, 1, 1, 0, 1, 1, 0, 0, 0, 1, 1, 1, 1, 1, 0, 1, 0, 0, 1, 1, 1, 0, 0, 0, 1, 0, 0, 1, 0, 1, 1]"
20250519_101504,0,9,110732.2729241,110732.2736832,0.7590999884996563,[-0.0210096   0.168487    0.03063009 -0.23183614],0,1.0,False,16,64,2,10,,center,"[0, 0, 1, 1, 0, 1, 1, 0, 0, 0, 1, 1, 1, 1, 1, 0, 1, 0, 0, 1, 1, 1, 0, 0, 0, 1, 0, 0, 1, 0, 1, 1]"
20250519_101504,0,10,110732.2930594,110732.2938888,0.829399999929592,[-0.01763986 -0.02705893  0.02599337  0.07034902],1,1.0,False,16,64,2,10,,center,"[0, 0, 1, 1, 0, 1, 1, 0, 0, 0, 1, 1, 1, 1, 1, 0, 1, 0, 0, 1, 1, 1, 0, 0, 0, 1, 0, 0, 1, 0, 1, 1]"
20250519_101504,0,11,110732.3133815,110732.3141472,0.7656999950995669,[-0.01818104  0.1676809   0.02740034 -0.21402088],1,1.0,False,16,64,2,10,,center,"[0, 0, 1, 1, 0, 1, 1, 0, 0, 0, 1, 1, 1, 1, 1, 0, 1, 0, 0, 1, 1, 1, 0, 0, 0, 1, 0, 0, 1, 0, 1, 1]"
20250519_101504,0,12,110732.3352486,110732.3387403,3.491700001177378,[-0.01482742  0.36240062  0.02311993 -0.49793613],0,1.0,False,16,64,2,10,,center,"[0, 0, 1, 1, 0, 1, 1, 0, 0, 0, 1, 1, 1, 1, 1, 0, 1, 0, 0, 1, 1, 1, 0, 0, 0, 1, 0, 0, 1, 0, 1, 1]"
20250519_101504,0,13,110732.3549123,110732.356333,1.4207000058377162,[-0.00757941  0.16696045  0.01316121 -0.19805756],1,1.0,False,16,64,2,10,,center,"[0, 0, 1, 1, 0, 1, 1, 0, 0, 0, 1, 1, 1, 1, 1, 0, 1, 0, 0, 1, 1, 1, 0, 0, 0, 1, 0, 0, 1, 0, 1, 1]"
20250519_101504,0,14,110732.3759301,110732.3770414,1.1113000073237345,[-0.0042402   0.36189172  0.00920005 -0.48655984],0,1.0,False,16,64,2,10,,center,"[0, 0, 1, 1, 0, 1, 1, 0, 0, 0, 1, 1, 1, 1, 1, 0, 1, 0, 0, 1, 1, 1, 0, 0, 0, 1, 0, 0, 1, 0, 1, 1]"
20250519_101504,0,15,110732.3955611,110732.3963146,0.7535000040661544,[ 0.00299764  0.16664115 -0.00053114 -0.19099163],1,1.0,False,16,64,2,10,,center,"[0, 0, 1, 1, 0, 1, 1, 0, 0, 0, 1, 1, 1, 1, 1, 0, 1, 0, 0, 1, 1, 1, 0, 0, 0, 1, 0, 0, 1, 0, 1, 1]"
20250519_101504,0,16,110732.4157481,110732.4165141,0.7659999973839149,[ 0.00633046  0.3617707  -0.00435098 -0.48384205],0,1.0,False,16,64,2,10,,center,"[0, 0, 1, 1, 0, 1, 1, 0, 0, 0, 1, 1, 1, 1, 1, 0, 1, 0, 0, 1, 1, 1, 0, 0, 0, 1, 0, 0, 1, 0, 1, 1]"
20250519_101504,0,17,110732.4360148,110732.436763,0.7482000073650852,[ 0.01356587  0.16671042 -0.01402782 -0.1925336 ],1,1.0,False,16,64,2,10,,center,"[0, 0, 1, 1, 0, 1, 1, 0, 0, 0, 1, 1, 1, 1, 1, 0, 1, 0, 0, 1, 1, 1, 0, 0, 0, 1, 0, 0, 1, 0, 1, 1]"
20250519_101504,0,18,110732.4566387,110732.4574015,0.7628000021213666,[ 0.01690008  0.3620302  -0.01787849 -0.4896085 ],0,1.0,False,16,64,2,10,,center,"[0, 0, 1, 1, 0, 1, 1, 0, 0, 0, 1, 1, 1, 1, 1, 0, 1, 0, 0, 1, 1, 1, 0, 0, 0, 1, 0, 0, 1, 0, 1, 1]"
20250519_101504,0,19,110732.4768435,110732.4776361,0.7925999962026253,[ 0.02414069  0.16716498 -0.02767066 -0.20261335],1,1.0,False,16,64,2,10,,center,"[0, 0, 1, 1, 0, 1, 1, 0, 0, 0, 1, 1, 1, 1, 1, 0, 1, 0, 0, 1, 1, 1, 0, 0, 0, 1, 0, 0, 1, 0, 1, 1]"
20250519_101504,0,20,110732.4976401,110732.4984163,0.7762000022921711,[ 0.02748398  0.3626715  -0.03172293 -0.50389504],1,1.0,False,16,64,2,10,,center,"[0, 0, 1, 1, 0, 1, 1, 0, 0, 0, 1, 1, 1, 1, 1, 0, 1, 0, 0, 1, 1, 1, 0, 0, 0, 1, 0, 0, 1, 0, 1, 1]"
20250519_101504,0,21,110732.5192584,110732.5236674,4.409000001032837,[ 0.03473742  0.55822587 -0.04180083 -0.80640393],1,1.0,False,16,64,2,10,,center,"[0, 0, 1, 1, 0, 1, 1, 0, 0, 0, 1, 1, 1, 1, 1, 0, 1, 0, 0, 1, 1, 1, 0, 0, 0, 1, 0, 0, 1, 0, 1, 1]"
20250519_101504,0,22,110732.5396762,110732.5411747,1.498500001616776,[ 0.04590193  0.7538951  -0.0579289  -1.1119373 ],0,1.0,False,16,64,2,10,,center,"[0, 0, 1, 1, 0, 1, 1, 0, 0, 0, 1, 1, 1, 1, 1, 0, 1, 0, 0, 1, 1, 1, 0, 0, 0, 1, 0, 0, 1, 0, 1, 1]"
20250519_101504,0,23,110732.5591791,110732.5613119,2.132800000254065,[ 0.06097984  0.5595799  -0.08016765 -0.83797497],1,1.0,False,16,64,2,10,,center,"[0, 0, 1, 1, 0, 1, 1, 0, 0, 0, 1, 1, 1, 1, 1, 0, 1, 0, 0, 1, 1, 1, 0, 0, 0, 1, 0, 0, 1, 0, 1, 1]"
20250519_101504,0,24,110732.5801477,110732.5816349,1.487199988332577,[ 0.07217143  0.75569975 -0.09692715 -1.1547539 ],0,1.0,False,16,64,2,10,,center,"[0, 0, 1, 1, 0, 1, 1, 0, 0, 0, 1, 1, 1, 1, 1, 0, 1, 0, 0, 1, 1, 1, 0, 0, 0, 1, 0, 0, 1, 0, 1, 1]"
20250519_101504,0,25,110732.6009368,110732.6024049,1.4681000029668212,[ 0.08728543  0.56196606 -0.12002223 -0.8939694 ],0,1.0,False,16,64,2,10,,center,"[0, 0, 1, 1, 0, 1, 1, 0, 0, 0, 1, 1, 1, 1, 1, 0, 1, 0, 0, 1, 1, 1, 0, 0, 0, 1, 0, 0, 1, 0, 1, 1]"
20250519_101504,0,26,110732.6222,110732.6237064,1.5064000035636127,[ 0.09852475  0.36865833 -0.13790162 -0.64129573],0,1.0,False,16,64,2,10,,center,"[0, 0, 1, 1, 0, 1, 1, 0, 0, 0, 1, 1, 1, 1, 1, 0, 1, 0, 0, 1, 1, 1, 0, 0, 0, 1, 0, 0, 1, 0, 1, 1]"
20250519_101504,0,27,110732.6431484,110732.644569,1.4205999905243516,[ 0.10589791  0.17570075 -0.15072753 -0.39502177],1,1.0,False,16,64,2,10,,center,"[0, 0, 1, 1, 0, 1, 1, 0, 0, 0, 1, 1, 1, 1, 1, 0, 1, 0, 0, 1, 1, 1, 0, 0, 0, 1, 0, 0, 1, 0, 1, 1]"
20250519_101504,0,28,110732.6638464,110732.6647373,0.890900002559647,[ 0.10941193  0.37260404 -0.15862797 -0.7311743 ],1,1.0,False,16,64,2,10,,center,"[0, 0, 1, 1, 0, 1, 1, 0, 0, 0, 1, 1, 1, 1, 1, 0, 1, 0, 0, 1, 1, 1, 0, 0, 0, 1, 0, 0, 1, 0, 1, 1]"
20250519_101504,0,29,110732.685143,110732.6859437,0.8006999996723607,[ 0.11686401  0.56952107 -0.17325145 -1.0692827 ],0,1.0,False,16,64,2,10,,center,"[0, 0, 1, 1, 0, 1, 1, 0, 0, 0, 1, 1, 1, 1, 1, 0, 1, 0, 0, 1, 1, 1, 0, 0, 0, 1, 0, 0, 1, 0, 1, 1]"
20250519_101504,0,30,110732.7058666,110732.7066452,0.77860000601504,[ 0.12825443  0.37706056 -0.1946371  -0.83559525],0,1.0,True,16,64,2,10,,center,"[0, 0, 1, 1, 0, 1, 1, 0, 0, 0, 1, 1, 1, 1, 1, 0, 1, 0, 0, 1, 1, 1, 0, 0, 0, 1, 0, 0, 1, 0, 1, 1]"
20250519_101504,1,0,110732.7468329,110732.7476598,0.826900009997189,[ 0.04239041  0.02453254 -0.04310895  0.04965955],0,1.0,False,16,64,2,10,,center,"[0, 0, 1, 1, 0, 1, 1, 0, 0, 0, 1, 1, 1, 1, 1, 0, 1, 0, 0, 1, 1, 1, 0, 0, 0, 1, 0, 0, 1, 0, 1, 1]"
20250519_101504,1,1,110732.7672208,110732.7681011,0.8802999946055934,[ 0.04288106 -0.16994561 -0.04211576  0.32843566],1,1.0,False,16,64,2,10,,center,"[0, 0, 1, 1, 0, 1, 1, 0, 0, 0, 1, 1, 1, 1, 1, 0, 1, 0, 0, 1, 1, 1, 0, 0, 0, 1, 0, 0, 1, 0, 1, 1]"
20250519_101504,1,2,110732.7879686,110732.7890824,1.1138000118080527,[ 0.03948215  0.02574982 -0.03554704  0.02277444],0,1.0,False,16,64,2,10,,center,"[0, 0, 1, 1, 0, 1, 1, 0, 0, 0, 1, 1, 1, 1, 1, 0, 1, 0, 0, 1, 1, 1, 0, 0, 0, 1, 0, 0, 1, 0, 1, 1]"
20250519_101504,1,3,110732.8089886,110732.8108011,1.8125000060535967,[ 0.03999715 -0.1688448  -0.03509156  0.30403334],0,1.0,False,16,64,2,10,,center,"[0, 0, 1, 1, 0, 1, 1, 0, 0, 0, 1, 1, 1, 1, 1, 0, 1, 0, 0, 1, 1, 1, 0, 0, 0, 1, 0, 0, 1, 0, 1, 1]"
20250519_101504,1,4,110732.8300238,110732.8311447,1.1209000076632947,[ 0.03662025 -0.36344954 -0.02901089  0.58544594],0,1.0,False,16,64,2,10,,center,"[0, 0, 1, 1, 0, 1, 1, 0, 0, 0, 1, 1, 1, 1, 1, 0, 1, 0, 0, 1, 1, 1, 0, 0, 0, 1, 0, 0, 1, 0, 1, 1]"
20250519_101504,1,5,110732.8504683,110732.8515791,1.1107999889645725,[ 0.02935126 -0.5581534  -0.01730197  0.86885077],1,1.0,False,16,64,2,10,,center,"[0, 0, 1, 1, 0, 1, 1, 0, 0, 0, 1, 1, 1, 1, 1, 0, 1, 0, 0, 1, 1, 1, 0, 0, 0, 1, 0, 0, 1, 0, 1, 1]"
20250519_101504,1,6,110732.8703091,110732.8714101,1.1009999871021137,[ 1.8188190e-02 -3.6280036e-01  7.5045187e-05  5.7077861e-01],0,1.0,False,16,64,2,10,,center,"[0, 0, 1, 1, 0, 1, 1, 0, 0, 0, 1, 1, 1, 1, 1, 0, 1, 0, 0, 1, 1, 1, 0, 0, 0, 1, 0, 0, 1, 0, 1, 1]"
20250519_101504,1,7,110732.8900208,110732.8911126,1.091800004360266,[ 0.01093218 -0.5579234   0.01149062  0.86348516],0,1.0,False,16,64,2,10,,center,"[0, 0, 1, 1, 0, 1, 1, 0, 0, 0, 1, 1, 1, 1, 1, 0, 1, 0, 0, 1, 1, 1, 0, 0, 0, 1, 0, 0, 1, 0, 1, 1]"
20250519_101504,1,8,110732.9105969,110732.9120526,1.45570001041051,[-2.2628460e-04 -7.5319982e-01  2.8760320e-02  1.1597587e+00],1,1.0,False,16,64,2,10,,center,"[0, 0, 1, 1, 0, 1, 1, 0, 0, 0, 1, 1, 1, 1, 1, 0, 1, 0, 0, 1, 1, 1, 0, 0, 0, 1, 0, 0, 1, 0, 1, 1]"
20250519_101504,1,9,110732.9322658,110732.9338528,1.5869999915594235,[-0.01529028 -0.55846417  0.0519555   0.8762304 ],1,1.0,False,16,64,2,10,,center,"[0, 0, 1, 1, 0, 1, 1, 0, 0, 0, 1, 1, 1, 1, 1, 0, 1, 0, 0, 1, 1, 1, 0, 0, 0, 1, 0, 0, 1, 0, 1, 1]"
20250519_101504,1,10,110732.9524036,110732.9535149,1.1113000073237345,[-0.02645957 -0.36408547  0.06948011  0.6003238 ],1,1.0,False,16,64,2,10,,center,"[0, 0, 1, 1, 0, 1, 1, 0, 0, 0, 1, 1, 1, 1, 1, 0, 1, 0, 0, 1, 1, 1, 0, 0, 0, 1, 0, 0, 1, 0, 1, 1]"
20250519_101504,1,11,110732.9729062,110732.9740239,1.1176999978488311,[-0.03374127 -0.17000079  0.08148658  0.33030993],0,1.0,False,16,64,2,10,,center,"[0, 0, 1, 1, 0, 1, 1, 0, 0, 0, 1, 1, 1, 1, 1, 0, 1, 0, 0, 1, 1, 1, 0, 0, 0, 1, 0, 0, 1, 0, 1, 1]"
20250519_101504,1,12,110732.9937432,110732.9952075,1.4643000031355768,[-0.03714129 -0.36618245  0.08809277  0.6475365 ],0,1.0,False,16,64,2,10,,center,"[0, 0, 1, 1, 0, 1, 1, 0, 0, 0, 1, 1, 1, 1, 1, 0, 1, 0, 0, 1, 1, 1, 0, 0, 0, 1, 0, 0, 1, 0, 1, 1]"
20250519_101504,1,13,110733.0141183,110733.0153415,1.223200000822544,[-0.04446494 -0.5624141   0.10104351  0.9666084 ],1,1.0,False,16,64,2,10,,center,"[0, 0, 1, 1, 0, 1, 1, 0, 0, 0, 1, 1, 1, 1, 1, 0, 1, 0, 0, 1, 1, 1, 0, 0, 0, 1, 0, 0, 1, 0, 1, 1]"
20250519_101504,1,14,110733.0349509,110733.0361933,1.2424000015016645,[-0.05571322 -0.36878365  0.12037568  0.7073004 ],0,1.0,False,16,64,2,10,,center,"[0, 0, 1, 1, 0, 1, 1, 0, 0, 0, 1, 1, 1, 1, 1, 0, 1, 0, 0, 1, 1, 1, 0, 0, 0, 1, 0, 0, 1, 0, 1, 1]"
20250519_101504,1,15,110733.0559978,110733.0573025,1.3047000102233142,[-0.06308889 -0.56534934  0.13452168  1.0353203 ],1,1.0,False,16,64,2,10,,center,"[0, 0, 1, 1, 0, 1, 1, 0, 0, 0, 1, 1, 1, 1, 1, 0, 1, 0, 0, 1, 1, 1, 0, 0, 0, 1, 0, 0, 1, 0, 1, 1]"
20250519_101504,1,16,110733.076515,110733.0788976,2.382600010605529,[-0.07439588 -0.3722473   0.1552281   0.78771436],1,1.0,False,16,64,2,10,,center,"[0, 0, 1, 1, 0, 1, 1, 0, 0, 0, 1, 1, 1, 1, 1, 0, 1, 0, 0, 1, 1, 1, 0, 0, 0, 1, 0, 0, 1, 0, 1, 1]"
20250519_101504,1,17,110733.0966605,110733.097903,1.2425000022631139,[-0.08184083 -0.17955938  0.17098238  0.5476117 ],1,1.0,False,16,64,2,10,,center,"[0, 0, 1, 1, 0, 1, 1, 0, 0, 0, 1, 1, 1, 1, 1, 0, 1, 0, 0, 1, 1, 1, 0, 0, 0, 1, 0, 0, 1, 0, 1, 1]"
20250519_101504,1,18,110733.1176232,110733.1189832,1.3599999947473407,[-0.08543202  0.01280023  0.18193461  0.31330398],1,1.0,False,16,64,2,10,,center,"[0, 0, 1, 1, 0, 1, 1, 0, 0, 0, 1, 1, 1, 1, 1, 0, 1, 0, 0, 1, 1, 1, 0, 0, 0, 1, 0, 0, 1, 0, 1, 1]"
20250519_101504,1,19,110733.1394877,110733.1407322,1.2445000029401854,[-0.08517601  0.20492728  0.1882007   0.08306403],1,1.0,False,16,64,2,10,,center,"[0, 0, 1, 1, 0, 1, 1, 0, 0, 0, 1, 1, 1, 1, 1, 0, 1, 0, 0, 1, 1, 1, 0, 0, 0, 1, 0, 0, 1, 0, 1, 1]"
20250519_101504,1,20,110733.1595588,110733.1612946,1.7357999895466492,[-0.08107746  0.39692295  0.18986197 -0.14483929],1,1.0,False,16,64,2,10,,center,"[0, 0, 1, 1, 0, 1, 1, 0, 0, 0, 1, 1, 1, 1, 1, 0, 1, 0, 0, 1, 1, 1, 0, 0, 0, 1, 0, 0, 1, 0, 1, 1]"
20250519_101504,1,21,110733.1794503,110733.1811976,1.7473000043537468,[-0.073139    0.58889055  0.18696518 -0.37213162],1,1.0,False,16,64,2,10,,center,"[0, 0, 1, 1, 0, 1, 1, 0, 0, 0, 1, 1, 1, 1, 1, 0, 1, 0, 0, 1, 1, 1, 0, 0, 0, 1, 0, 0, 1, 0, 1, 1]"
20250519_101504,1,22,110733.1992966,110733.2005094,1.2128000089433044,[-0.06136119  0.78093284  0.17952256 -0.6005268 ],1,1.0,False,16,64,2,10,,center,"[0, 0, 1, 1, 0, 1, 1, 0, 0, 0, 1, 1, 1, 1, 1, 0, 1, 0, 0, 1, 1, 1, 0, 0, 0, 1, 0, 0, 1, 0, 1, 1]"
20250519_101504,1,23,110733.2200667,110733.2212902,1.223500003106892,[-0.04574254  0.9731495   0.16751201 -0.8317216 ],0,1.0,False,16,64,2,10,,center,"[0, 0, 1, 1, 0, 1, 1, 0, 0, 0, 1, 1, 1, 1, 1, 0, 1, 0, 0, 1, 1, 1, 0, 0, 0, 1, 0, 0, 1, 0, 1, 1]"
20250519_101504,1,24,110733.2404383,110733.2425232,2.084899999317713,[-0.02627955  0.77618307  0.1508776  -0.4913889 ],1,1.0,False,16,64,2,10,,center,"[0, 0, 1, 1, 0, 1, 1, 0, 0, 0, 1, 1, 1, 1, 1, 0, 1, 0, 0, 1, 1, 1, 0, 0, 0, 1, 0, 0, 1, 0, 1, 1]"
20250519_101504,1,25,110733.2607707,110733.2620239,1.2531999964267015,[-0.01075589  0.9688907   0.14104982 -0.7329766 ],0,1.0,False,16,64,2,10,,center,"[0, 0, 1, 1, 0, 1, 1, 0, 0, 0, 1, 1, 1, 1, 1, 0, 1, 0, 0, 1, 1, 1, 0, 0, 0, 1, 0, 0, 1, 0, 1, 1]"
20250519_101504,1,26,110733.2800803,110733.2814472,1.3669000036315992,[ 0.00862193  0.77213085  0.12639028 -0.3994366 ],0,1.0,False,16,64,2,10,,center,"[0, 0, 1, 1, 0, 1, 1, 0, 0, 0, 1, 1, 1, 1, 1, 0, 1, 0, 0, 1, 1, 1, 0, 0, 0, 1, 0, 0, 1, 0, 1, 1]"
20250519_101504,1,27,110733.3007507,110733.3021104,1.359700007014908,[ 0.02406454  0.57546383  0.11840154 -0.06972923],0,1.0,False,16,64,2,10,,center,"[0, 0, 1, 1, 0, 1, 1, 0, 0, 0, 1, 1, 1, 1, 1, 0, 1, 0, 0, 1, 1, 1, 0, 0, 0, 1, 0, 0, 1, 0, 1, 1]"
20250519_101504,1,28,110733.3212288,110733.3226492,1.420399989001453,[0.03557382 0.37886092 0.11700696 0.25783917],1,1.0,False,16,64,2,10,,center,"[0, 0, 1, 1, 0, 1, 1, 0, 0, 0, 1, 1, 1, 1, 1, 0, 1, 0, 0, 1, 1, 1, 0, 0, 0, 1, 0, 0, 1, 0, 1, 1]"
20250519_101504,1,29,110733.3417159,110733.3435596,1.8437000107951462,[0.04315104 0.5721349  0.12216374 0.00423202],1,1.0,False,16,64,2,10,,center,"[0, 0, 1, 1, 0, 1, 1, 0, 0, 0, 1, 1, 1, 1, 1, 0, 1, 0, 0, 1, 1, 1, 0, 0, 0, 1, 0, 0, 1, 0, 1, 1]"
20250519_101504,1,30,110733.363315,110733.3646833,1.3682999997399747,[ 0.05459374  0.7653124   0.12224838 -0.2475477 ],1,1.0,False,16,64,2,10,,center,"[0, 0, 1, 1, 0, 1, 1, 0, 0, 0, 1, 1, 1, 1, 1, 0, 1, 0, 0, 1, 1, 1, 0, 0, 0, 1, 0, 0, 1, 0, 1, 1]"
20250519_101504,1,31,110733.3849955,110733.3863578,1.3622999977087602,[ 0.06989998  0.9584956   0.11729743 -0.49930838],0,1.0,False,16,64,2,10,,center,"[0, 0, 1, 1, 0, 1, 1, 0, 0, 0, 1, 1, 1, 1, 1, 0, 1, 0, 0, 1, 1, 1, 0, 0, 0, 1, 0, 0, 1, 0, 1, 1]"
20250519_101504,1,32,110733.4048957,110733.4056793,0.7836000004317611,[ 0.0890699   0.76193225  0.10731126 -0.17208298],0,1.0,False,16,64,2,10,,center,"[0, 0, 1, 1, 0, 1, 1, 0, 0, 0, 1, 1, 1, 1, 1, 0, 1, 0, 0, 1, 1, 1, 0, 0, 0, 1, 0, 0, 1, 0, 1, 1]"
20250519_101504,1,33,110733.425134,110733.4267772,1.6431999974884093,[0.10430855 0.56545115 0.1038696  0.1524324 ],1,1.0,False,16,64,2,10,,center,"[0, 0, 1, 1, 0, 1, 1, 0, 0, 0, 1, 1, 1, 1, 1, 0, 1, 0, 0, 1, 1, 1, 0, 0, 0, 1, 0, 0, 1, 0, 1, 1]"
20250519_101504,1,34,110733.4456971,110733.4464538,0.7566999993287027,[ 0.11561757  0.7589443   0.10691825 -0.10576027],1,1.0,False,16,64,2,10,,center,"[0, 0, 1, 1, 0, 1, 1, 0, 0, 0, 1, 1, 1, 1, 1, 0, 1, 0, 0, 1, 1, 1, 0, 0, 0, 1, 0, 0, 1, 0, 1, 1]"
20250519_101504,1,35,110733.4661672,110733.4669358,0.7686000026296824,[ 0.13079645  0.9523845   0.10480305 -0.3628896 ],1,1.0,False,16,64,2,10,,center,"[0, 0, 1, 1, 0, 1, 1, 0, 0, 0, 1, 1, 1, 1, 1, 0, 1, 0, 0, 1, 1, 1, 0, 0, 0, 1, 0, 0, 1, 0, 1, 1]"
20250519_101504,1,36,110733.486284,110733.4870586,0.774600004660897,[ 0.14984414  1.145873    0.09754525 -0.62077403],1,1.0,False,16,64,2,10,,center,"[0, 0, 1, 1, 0, 1, 1, 0, 0, 0, 1, 1, 1, 1, 1, 0, 1, 0, 0, 1, 1, 1, 0, 0, 0, 1, 0, 0, 1, 0, 1, 1]"
20250519_101504,1,37,110733.5068656,110733.5076183,0.7527000125264749,[ 0.1727616   1.339507    0.08512978 -0.8812116 ],0,1.0,False,16,64,2,10,,center,"[0, 0, 1, 1, 0, 1, 1, 0, 0, 0, 1, 1, 1, 1, 1, 0, 1, 0, 0, 1, 1, 1, 0, 0, 0, 1, 0, 0, 1, 0, 1, 1]"
20250519_101504,1,38,110733.527739,110733.5285069,0.7678999972995371,[ 0.19955173  1.1433382   0.06750555 -0.56302613],0,1.0,False,16,64,2,10,,center,"[0, 0, 1, 1, 0, 1, 1, 0, 0, 0, 1, 1, 1, 1, 1, 0, 1, 0, 0, 1, 1, 1, 0, 0, 0, 1, 0, 0, 1, 0, 1, 1]"
20250519_101504,1,39,110733.547881,110733.5486559,0.7748999923933297,[ 0.2224185   0.9473372   0.05624502 -0.24986264],0,1.0,False,16,64,2,10,,center,"[0, 0, 1, 1, 0, 1, 1, 0, 0, 0, 1, 1, 1, 1, 1, 0, 1, 0, 0, 1, 1, 1, 0, 0, 0, 1, 0, 0, 1, 0, 1, 1]"
20250519_101504,1,40,110733.5691414,110733.5701602,1.0188000014750287,[0.24136525 0.75145906 0.05124777 0.06001731],1,1.0,False,16,64,2,10,,center,"[0, 0, 1, 1, 0, 1, 1, 0, 0, 0, 1, 1, 1, 1, 1, 0, 1, 0, 0, 1, 1, 1, 0, 0, 0, 1, 0, 0, 1, 0, 1, 1]"
20250519_101504,1,41,110733.5884334,110733.5891906,0.7572000031359494,[ 0.25639442  0.9458102   0.05244811 -0.2160664 ],1,1.0,False,16,64,2,10,,center,"[0, 0, 1, 1, 0, 1, 1, 0, 0, 0, 1, 1, 1, 1, 1, 0, 1, 0, 0, 1, 1, 1, 0, 0, 0, 1, 0, 0, 1, 0, 1, 1]"
20250519_101504,1,42,110733.6089754,110733.6105302,1.554800008307211,[ 0.27531064  1.1401446   0.04812679 -0.49175456],0,1.0,False,16,64,2,10,,center,"[0, 0, 1, 1, 0, 1, 1, 0, 0, 0, 1, 1, 1, 1, 1, 0, 1, 0, 0, 1, 1, 1, 0, 0, 0, 1, 0, 0, 1, 0, 1, 1]"
20250519_101504,1,43,110733.629339,110733.630261,0.9219999919878319,[ 0.29811352  0.944378    0.03829169 -0.18430087],1,1.0,False,16,64,2,10,,center,"[0, 0, 1, 1, 0, 1, 1, 0, 0, 0, 1, 1, 1, 1, 1, 0, 1, 0, 0, 1, 1, 1, 0, 0, 0, 1, 0, 0, 1, 0, 1, 1]"
20250519_101504,1,44,110733.6500699,110733.6508239,0.7539999933214858,[ 0.31700107  1.1389318   0.03460568 -0.46466255],1,1.0,False,16,64,2,10,,center,"[0, 0, 1, 1, 0, 1, 1, 0, 0, 0, 1, 1, 1, 1, 1, 0, 1, 0, 0, 1, 1, 1, 0, 0, 0, 1, 0, 0, 1, 0, 1, 1]"
20250519_101504,1,45,110733.6709507,110733.6717063,0.75559999095276,[ 0.33977973  1.3335481   0.02531243 -0.74624014],1,1.0,False,16,64,2,10,,center,"[0, 0, 1, 1, 0, 1, 1, 0, 0, 0, 1, 1, 1, 1, 1, 0, 1, 0, 0, 1, 1, 1, 0, 0, 0, 1, 0, 0, 1, 0, 1, 1]"
20250519_101504,1,46,110733.6913636,110733.6921753,0.8117000106722116,[ 0.36645067  1.5283117   0.01038762 -1.0308511 ],0,1.0,False,16,64,2,10,,center,"[0, 0, 1, 1, 0, 1, 1, 0, 0, 0, 1, 1, 1, 1, 1, 0, 1, 0, 0, 1, 1, 1, 0, 0, 0, 1, 0, 0, 1, 0, 1, 1]"
20250519_101504,1,47,110733.7110321,110733.7120665,1.0344000038458034,[ 0.3970169  1.3330532 -0.0102294 -0.7349251],1,1.0,False,16,64,2,10,,center,"[0, 0, 1, 1, 0, 1, 1, 0, 0, 0, 1, 1, 1, 1, 1, 0, 1, 0, 0, 1, 1, 1, 0, 0, 0, 1, 0, 0, 1, 0, 1, 1]"
20250519_101504,1,48,110733.7322382,110733.733452,1.2138000020058826,[ 0.42367798  1.528315   -0.0249279  -1.0308098 ],0,1.0,False,16,64,2,10,,center,"[0, 0, 1, 1, 0, 1, 1, 0, 0, 0, 1, 1, 1, 1, 1, 0, 1, 0, 0, 1, 1, 1, 0, 0, 0, 1, 0, 0, 1, 0, 1, 1]"
20250519_101504,1,49,110733.752133,110733.7533467,1.2137000012444332,[ 0.4542443  1.3335334 -0.0455441 -0.7460562],0,1.0,False,16,64,2,10,,center,"[0, 0, 1, 1, 0, 1, 1, 0, 0, 0, 1, 1, 1, 1, 1, 0, 1, 0, 0, 1, 1, 1, 0, 0, 0, 1, 0, 0, 1, 0, 1, 1]"
20250519_101504,1,50,110733.7729824,110733.7742205,1.2380999978631735,[ 0.48091495  1.1390685  -0.06046522 -0.46804667],1,1.0,False,16,64,2,10,,center,"[0, 0, 1, 1, 0, 1, 1, 0, 0, 0, 1, 1, 1, 1, 1, 0, 1, 0, 0, 1, 1, 1, 0, 0, 0, 1, 0, 0, 1, 0, 1, 1]"
20250519_101504,1,51,110733.7934784,110733.7949237,1.445300003979355,[ 0.5036963   1.3349901  -0.06982616 -0.7791582 ],1,1.0,False,16,64,2,10,,center,"[0, 0, 1, 1, 0, 1, 1, 0, 0, 0, 1, 1, 1, 1, 1, 0, 1, 0, 0, 1, 1, 1, 0, 0, 0, 1, 0, 0, 1, 0, 1, 1]"
20250519_101504,1,52,110733.8141954,110733.8154354,1.2399999977787957,[ 0.5303961   1.5309992  -0.08540932 -1.0929674 ],0,1.0,False,16,64,2,10,,center,"[0, 0, 1, 1, 0, 1, 1, 0, 0, 0, 1, 1, 1, 1, 1, 0, 1, 0, 0, 1, 1, 1, 0, 0, 0, 1, 0, 0, 1, 0, 1, 1]"
20250519_101504,1,53,110733.8350662,110733.8362934,1.2272000021766871,[ 0.5610161   1.3370999  -0.10726866 -0.8282586 ],1,1.0,False,16,64,2,10,,center,"[0, 0, 1, 1, 0, 1, 1, 0, 0, 0, 1, 1, 1, 1, 1, 0, 1, 0, 0, 1, 1, 1, 0, 0, 0, 1, 0, 0, 1, 0, 1, 1]"
20250519_101504,1,54,110733.8550378,110733.8557805,0.7426999945892021,[ 0.5877581   1.5335121  -0.12383384 -1.15266   ],1,1.0,False,16,64,2,10,,center,"[0, 0, 1, 1, 0, 1, 1, 0, 0, 0, 1, 1, 1, 1, 1, 0, 1, 0, 0, 1, 1, 1, 0, 0, 0, 1, 0, 0, 1, 0, 1, 1]"
20250519_101504,1,55,110733.8752222,110733.8761838,0.9616000024834648,[ 0.61842835  1.7300125  -0.14688703 -1.4814676 ],0,1.0,False,16,64,2,10,,center,"[0, 0, 1, 1, 0, 1, 1, 0, 0, 0, 1, 1, 1, 1, 1, 0, 1, 0, 0, 1, 1, 1, 0, 0, 0, 1, 0, 0, 1, 0, 1, 1]"
20250519_101504,1,56,110733.8949073,110733.8956672,0.7599000091431662,[ 0.6530286   1.5369562  -0.17651638 -1.2380311 ],0,1.0,False,16,64,2,10,,center,"[0, 0, 1, 1, 0, 1, 1, 0, 0, 0, 1, 1, 1, 1, 1, 0, 1, 0, 0, 1, 1, 1, 0, 0, 0, 1, 0, 0, 1, 0, 1, 1]"
20250519_101504,1,57,110733.9150976,110733.9158608,0.7632000051671639,[ 0.68376774  1.3444852  -0.20127702 -1.0054375 ],0,1.0,True,16,64,2,10,,center,"[0, 0, 1, 1, 0, 1, 1, 0, 0, 0, 1, 1, 1, 1, 1, 0, 1, 0, 0, 1, 1, 1, 0, 0, 0, 1, 0, 0, 1, 0, 1, 1]"
20250519_101504,2,0,110733.9556171,110733.9563902,0.7730999932391569,[ 0.00563526 -0.01755155 -0.00248677  0.00639662],1,1.0,False,16,64,2,10,,center,"[0, 0, 1, 1, 0, 1, 1, 0, 0, 0, 1, 1, 1, 1, 1, 0, 1, 0, 0, 1, 1, 1, 0, 0, 0, 1, 0, 0, 1, 0, 1, 1]"
20250519_101504,2,1,110733.9775738,110733.9818257,4.251899998052977,[ 0.00528423  0.17760597 -0.00235883 -0.2870699 ],0,1.0,False,16,64,2,10,,center,"[0, 0, 1, 1, 0, 1, 1, 0, 0, 0, 1, 1, 1, 1, 1, 0, 1, 0, 0, 1, 1, 1, 0, 0, 0, 1, 0, 0, 1, 0, 1, 1]"
20250519_101504,2,2,110733.9970067,110733.9978215,0.8148000051733106,[ 0.00883635 -0.01748226 -0.00810023  0.00486817],1,1.0,False,16,64,2,10,,center,"[0, 0, 1, 1, 0, 1, 1, 0, 0, 0, 1, 1, 1, 1, 1, 0, 1, 0, 0, 1, 1, 1, 0, 0, 0, 1, 0, 0, 1, 0, 1, 1]"
20250519_101504,2,3,110734.0180063,110734.0187722,0.7658999966224656,[ 0.00848671  0.17775492 -0.00800287 -0.29035944],1,1.0,False,16,64,2,10,,center,"[0, 0, 1, 1, 0, 1, 1, 0, 0, 0, 1, 1, 1, 1, 1, 0, 1, 0, 0, 1, 1, 1, 0, 0, 0, 1, 0, 0, 1, 0, 1, 1]"
20250519_101504,2,4,110734.0385189,110734.03933,0.8111000061035156,[ 0.0120418   0.37299007 -0.01381006 -0.5855556 ],0,1.0,False,16,64,2,10,,center,"[0, 0, 1, 1, 0, 1, 1, 0, 0, 0, 1, 1, 1, 1, 1, 0, 1, 0, 0, 1, 1, 1, 0, 0, 0, 1, 0, 0, 1, 0, 1, 1]"
20250519_101504,2,5,110734.0589152,110734.0601956,1.280399999814108,[ 0.01950161  0.17806424 -0.02552117 -0.29725477],0,1.0,False,16,64,2,10,,center,"[0, 0, 1, 1, 0, 1, 1, 0, 0, 0, 1, 1, 1, 1, 1, 0, 1, 0, 0, 1, 1, 1, 0, 0, 0, 1, 0, 0, 1, 0, 1, 1]"
20250519_101504,2,6,110734.0788641,110734.0797152,0.8511000050930306,[ 0.02306289 -0.01668477 -0.03146626 -0.01272878],1,1.0,False,16,64,2,10,,center,"[0, 0, 1, 1, 0, 1, 1, 0, 0, 0, 1, 1, 1, 1, 1, 0, 1, 0, 0, 1, 1, 1, 0, 0, 0, 1, 0, 0, 1, 0, 1, 1]"
20250519_101504,2,7,110734.0991652,110734.1000349,0.869700001203455,[ 0.0227292   0.17887399 -0.03172084 -0.31517127],0,1.0,False,16,64,2,10,,center,"[0, 0, 1, 1, 0, 1, 1, 0, 0, 0, 1, 1, 1, 1, 1, 0, 1, 0, 0, 1, 1, 1, 0, 0, 0, 1, 0, 0, 1, 0, 1, 1]"
20250519_101504,2,8,110734.1193309,110734.1204566,1.1257000005571172,[ 0.02630667 -0.01578209 -0.03802427 -0.0326584 ],1,1.0,False,16,64,2,10,,center,"[0, 0, 1, 1, 0, 1, 1, 0, 0, 0, 1, 1, 1, 1, 1, 0, 1, 0, 0, 1, 1, 1, 0, 0, 0, 1, 0, 0, 1, 0, 1, 1]"
20250519_101504,2,9,110734.1390782,110734.1398307,0.7525000110035762,[ 0.02599103  0.17986393 -0.03867744 -0.33709174],1,1.0,False,16,64,2,10,,center,"[0, 0, 1, 1, 0, 1, 1, 0, 0, 0, 1, 1, 1, 1, 1, 0, 1, 0, 0, 1, 1, 1, 0, 0, 0, 1, 0, 0, 1, 0, 1, 1]"
20250519_101504,2,10,110734.1591368,110734.1603886,1.251800000318326,[ 0.02958831  0.37551433 -0.04541927 -0.6417162 ],0,1.0,False,16,64,2,10,,center,"[0, 0, 1, 1, 0, 1, 1, 0, 0, 0, 1, 1, 1, 1, 1, 0, 1, 0, 0, 1, 1, 1, 0, 0, 0, 1, 0, 0, 1, 0, 1, 1]"
20250519_101504,2,11,110734.178964,110734.180002,1.0379999876022339,[ 0.0370986   0.18105395 -0.05825359 -0.36367512],0,1.0,False,16,64,2,10,,center,"[0, 0, 1, 1, 0, 1, 1, 0, 0, 0, 1, 1, 1, 1, 1, 0, 1, 0, 0, 1, 1, 1, 0, 0, 0, 1, 0, 0, 1, 0, 1, 1]"
20250519_101504,2,12,110734.2003227,110734.2014193,1.0966000118060037,[ 0.04071968 -0.01319378 -0.0655271  -0.08991462],1,1.0,False,16,64,2,10,,center,"[0, 0, 1, 1, 0, 1, 1, 0, 0, 0, 1, 1, 1, 1, 1, 0, 1, 0, 0, 1, 1, 1, 0, 0, 0, 1, 0, 0, 1, 0, 1, 1]"
20250519_101504,2,13,110734.2201333,110734.2212445,1.1112000065622851,[ 0.0404558   0.18280323 -0.06732538 -0.40253037],0,1.0,False,16,64,2,10,,center,"[0, 0, 1, 1, 0, 1, 1, 0, 0, 0, 1, 1, 1, 1, 1, 0, 1, 0, 0, 1, 1, 1, 0, 0, 0, 1, 0, 0, 1, 0, 1, 1]"
20250519_101504,2,14,110734.2399953,110734.2411001,1.1048000014852732,[ 0.04411187 -0.01130245 -0.075376   -0.13181019],0,1.0,False,16,64,2,10,,center,"[0, 0, 1, 1, 0, 1, 1, 0, 0, 0, 1, 1, 1, 1, 1, 0, 1, 0, 0, 1, 1, 1, 0, 0, 0, 1, 0, 0, 1, 0, 1, 1]"
20250519_101504,2,15,110734.2600587,110734.2614596,1.4009000005898997,[ 0.04388582 -0.20526828 -0.0780122   0.13617288],1,1.0,False,16,64,2,10,,center,"[0, 0, 1, 1, 0, 1, 1, 0, 0, 0, 1, 1, 1, 1, 1, 0, 1, 0, 0, 1, 1, 1, 0, 0, 0, 1, 0, 0, 1, 0, 1, 1]"
20250519_101504,2,16,110734.2803059,110734.2815467,1.2408000038703904,[ 0.03978045 -0.00912063 -0.07528874 -0.18006608],0,1.0,False,16,64,2,10,,center,"[0, 0, 1, 1, 0, 1, 1, 0, 0, 0, 1, 1, 1, 1, 1, 0, 1, 0, 0, 1, 1, 1, 0, 0, 0, 1, 0, 0, 1, 0, 1, 1]"
20250519_101504,2,17,110734.3011181,110734.3023402,1.2220999924466014,[ 0.03959804 -0.20308898 -0.07889006  0.08794824],0,1.0,False,16,64,2,10,,center,"[0, 0, 1, 1, 0, 1, 1, 0, 0, 0, 1, 1, 1, 1, 1, 0, 1, 0, 0, 1, 1, 1, 0, 0, 0, 1, 0, 0, 1, 0, 1, 1]"
20250519_101504,2,18,110734.3210918,110734.3223038,1.2120000028517097,[ 0.03553626 -0.3969967  -0.0771311   0.35473555],1,1.0,False,16,64,2,10,,center,"[0, 0, 1, 1, 0, 1, 1, 0, 0, 0, 1, 1, 1, 1, 1, 0, 1, 0, 0, 1, 1, 1, 0, 0, 0, 1, 0, 0, 1, 0, 1, 1]"
20250519_101504,2,19,110734.3414236,110734.3427679,1.3443000061670318,[ 0.02759632 -0.20086764 -0.07003639  0.03876255],0,1.0,False,16,64,2,10,,center,"[0, 0, 1, 1, 0, 1, 1, 0, 0, 0, 1, 1, 1, 1, 1, 0, 1, 0, 0, 1, 1, 1, 0, 0, 0, 1, 0, 0, 1, 0, 1, 1]"
20250519_101504,2,20,110734.362489,110734.3637187,1.22969999210909,[ 0.02357897 -0.394919   -0.06926113  0.30855215],0,1.0,False,16,64,2,10,,center,"[0, 0, 1, 1, 0, 1, 1, 0, 0, 0, 1, 1, 1, 1, 1, 0, 1, 0, 0, 1, 1, 1, 0, 0, 0, 1, 0, 0, 1, 0, 1, 1]"
20250519_101504,2,21,110734.383142,110734.3843594,1.2174000003142282,[ 0.01568059 -0.58898926 -0.06309009  0.57861304],1,1.0,False,16,64,2,10,,center,"[0, 0, 1, 1, 0, 1, 1, 0, 0, 0, 1, 1, 1, 1, 1, 0, 1, 0, 0, 1, 1, 1, 0, 0, 0, 1, 0, 0, 1, 0, 1, 1]"
20250519_101504,2,22,110734.4031002,110734.404331,1.2308000004850328,[ 0.00390081 -0.39304247 -0.05151783  0.26674148],1,1.0,False,16,64,2,10,,center,"[0, 0, 1, 1, 0, 1, 1, 0, 0, 0, 1, 1, 1, 1, 1, 0, 1, 0, 0, 1, 1, 1, 0, 0, 0, 1, 0, 0, 1, 0, 1, 1]"
20250519_101504,2,23,110734.4238656,110734.4251305,1.2649000127566978,[-0.00396004 -0.19722456 -0.046183   -0.04173524],0,1.0,False,16,64,2,10,,center,"[0, 0, 1, 1, 0, 1, 1, 0, 0, 0, 1, 1, 1, 1, 1, 0, 1, 0, 0, 1, 1, 1, 0, 0, 0, 1, 0, 0, 1, 0, 1, 1]"
20250519_101504,2,24,110734.4449841,110734.4464239,1.439799991203472,[-0.00790453 -0.39165488 -0.0470177   0.2360263 ],1,1.0,False,16,64,2,10,,center,"[0, 0, 1, 1, 0, 1, 1, 0, 0, 0, 1, 1, 1, 1, 1, 0, 1, 0, 0, 1, 1, 1, 0, 0, 0, 1, 0, 0, 1, 0, 1, 1]"
20250519_101504,2,25,110734.4660039,110734.4672385,1.2346000003162771,[-0.01573763 -0.19589381 -0.04229718 -0.0711089 ],1,1.0,False,16,64,2,10,,center,"[0, 0, 1, 1, 0, 1, 1, 0, 0, 0, 1, 1, 1, 1, 1, 0, 1, 0, 0, 1, 1, 1, 0, 0, 0, 1, 0, 0, 1, 0, 1, 1]"
20250519_101504,2,26,110734.4861954,110734.487378,1.1826000118162483,[-1.9655507e-02 -1.9179158e-04 -4.3719359e-02 -3.7683102e-01],1,1.0,False,16,64,2,10,,center,"[0, 0, 1, 1, 0, 1, 1, 0, 0, 0, 1, 1, 1, 1, 1, 0, 1, 0, 0, 1, 1, 1, 0, 0, 0, 1, 0, 0, 1, 0, 1, 1]"
20250519_101504,2,27,110734.5066778,110734.5085616,1.8837999959941953,[-0.01965934  0.19552295 -0.05125598 -0.682972  ],0,1.0,False,16,64,2,10,,center,"[0, 0, 1, 1, 0, 1, 1, 0, 0, 0, 1, 1, 1, 1, 1, 0, 1, 0, 0, 1, 1, 1, 0, 0, 0, 1, 0, 0, 1, 0, 1, 1]"
20250519_101504,2,28,110734.5283184,110734.5290919,0.7734999962849542,[-0.01574888  0.00114882 -0.06491542 -0.4068564 ],0,1.0,False,16,64,2,10,,center,"[0, 0, 1, 1, 0, 1, 1, 0, 0, 0, 1, 1, 1, 1, 1, 0, 1, 0, 0, 1, 1, 1, 0, 0, 0, 1, 0, 0, 1, 0, 1, 1]"
20250519_101504,2,29,110734.5485654,110734.5493486,0.783200011937879,[-0.01572591 -0.19299546 -0.07305255 -0.13532509],0,1.0,False,16,64,2,10,,center,"[0, 0, 1, 1, 0, 1, 1, 0, 0, 0, 1, 1, 1, 1, 1, 0, 1, 0, 0, 1, 1, 1, 0, 0, 0, 1, 0, 0, 1, 0, 1, 1]"
20250519_101504,2,30,110734.5689985,110734.5698303,0.8317999891005456,[-0.01958582 -0.38699913 -0.07575905  0.13344592],0,1.0,False,16,64,2,10,,center,"[0, 0, 1, 1, 0, 1, 1, 0, 0, 0, 1, 1, 1, 1, 1, 0, 1, 0, 0, 1, 1, 1, 0, 0, 0, 1, 0, 0, 1, 0, 1, 1]"
20250519_101504,2,31,110734.5890901,110734.5898676,0.7775000121910125,[-0.0273258  -0.5809588  -0.07309013  0.40129897],1,1.0,False,16,64,2,10,,center,"[0, 0, 1, 1, 0, 1, 1, 0, 0, 0, 1, 1, 1, 1, 1, 0, 1, 0, 0, 1, 1, 1, 0, 0, 0, 1, 0, 0, 1, 0, 1, 1]"
20250519_101504,2,32,110734.6099468,110734.6109995,1.0526999976718798,[-0.03894497 -0.3848803  -0.06506415  0.08649718],1,1.0,False,16,64,2,10,,center,"[0, 0, 1, 1, 0, 1, 1, 0, 0, 0, 1, 1, 1, 1, 1, 0, 1, 0, 0, 1, 1, 1, 0, 0, 0, 1, 0, 0, 1, 0, 1, 1]"
20250519_101504,2,33,110734.6304077,110734.6315667,1.1590000067371875,[-0.04664258 -0.18888897 -0.0633342  -0.22598313],0,1.0,False,16,64,2,10,,center,"[0, 0, 1, 1, 0, 1, 1, 0, 0, 0, 1, 1, 1, 1, 1, 0, 1, 0, 0, 1, 1, 1, 0, 0, 0, 1, 0, 0, 1, 0, 1, 1]"
20250519_101504,2,34,110734.6507154,110734.6519389,1.223500003106892,[-0.05042036 -0.38305128 -0.06785387  0.0460686 ],0,1.0,False,16,64,2,10,,center,"[0, 0, 1, 1, 0, 1, 1, 0, 0, 0, 1, 1, 1, 1, 1, 0, 1, 0, 0, 1, 1, 1, 0, 0, 0, 1, 0, 0, 1, 0, 1, 1]"
20250519_101504,2,35,110734.6720108,110734.6732588,1.2480000004870817,[-0.05808139 -0.57713795 -0.0669325   0.31659493],0,1.0,False,16,64,2,10,,center,"[0, 0, 1, 1, 0, 1, 1, 0, 0, 0, 1, 1, 1, 1, 1, 0, 1, 0, 0, 1, 1, 1, 0, 0, 0, 1, 0, 0, 1, 0, 1, 1]"
20250519_101504,2,36,110734.6922148,110734.6940485,1.8336999928578734,[-0.06962415 -0.77124584 -0.0606006   0.5874414 ],1,1.0,False,16,64,2,10,,center,"[0, 0, 1, 1, 0, 1, 1, 0, 0, 0, 1, 1, 1, 1, 1, 0, 1, 0, 0, 1, 1, 1, 0, 0, 0, 1, 0, 0, 1, 0, 1, 1]"
20250519_101504,2,37,110734.7120337,110734.7134112,1.3775000115856528,[-0.08504906 -0.5753299  -0.04885177  0.2763012 ],0,1.0,False,16,64,2,10,,center,"[0, 0, 1, 1, 0, 1, 1, 0, 0, 0, 1, 1, 1, 1, 1, 0, 1, 0, 0, 1, 1, 1, 0, 0, 0, 1, 0, 0, 1, 0, 1, 1]"
20250519_101504,2,38,110734.7331205,110734.7344533,1.3328000059118494,[-0.09655566 -0.7697221  -0.04332575  0.5531849 ],0,1.0,False,16,64,2,10,,center,"[0, 0, 1, 1, 0, 1, 1, 0, 0, 0, 1, 1, 1, 1, 1, 0, 1, 0, 0, 1, 1, 1, 0, 0, 0, 1, 0, 0, 1, 0, 1, 1]"
20250519_101504,2,39,110734.7540735,110734.7554493,1.3758000131929293,[-0.1119501  -0.9642097  -0.03226205  0.83190876],0,1.0,False,16,64,2,10,,center,"[0, 0, 1, 1, 0, 1, 1, 0, 0, 0, 1, 1, 1, 1, 1, 0, 1, 0, 0, 1, 1, 1, 0, 0, 0, 1, 0, 0, 1, 0, 1, 1]"
20250519_101504,2,40,110734.7753153,110734.7782603,2.945000000181608,[-0.1312343  -1.1588762  -0.01562387  1.1142732 ],1,1.0,False,16,64,2,10,,center,"[0, 0, 1, 1, 0, 1, 1, 0, 0, 0, 1, 1, 1, 1, 1, 0, 1, 0, 0, 1, 1, 1, 0, 0, 0, 1, 0, 0, 1, 0, 1, 1]"
20250519_101504,2,41,110734.7952177,110734.7976217,2.4039999989327043,[-0.15441182 -0.96355265  0.00666159  0.81673044],1,1.0,False,16,64,2,10,,center,"[0, 0, 1, 1, 0, 1, 1, 0, 0, 0, 1, 1, 1, 1, 1, 0, 1, 0, 0, 1, 1, 1, 0, 0, 0, 1, 0, 0, 1, 0, 1, 1]"
20250519_101504,2,42,110734.8163118,110734.8176706,1.3588000001618639,[-0.17368287 -0.76852256  0.0229962   0.5261502 ],1,1.0,False,16,64,2,10,,center,"[0, 0, 1, 1, 0, 1, 1, 0, 0, 0, 1, 1, 1, 1, 1, 0, 1, 0, 0, 1, 1, 1, 0, 0, 0, 1, 0, 0, 1, 0, 1, 1]"
20250519_101504,2,43,110734.837355,110734.838744,1.38899999728892,[-0.18905333 -0.5737316   0.0335192   0.24080135],1,1.0,False,16,64,2,10,,center,"[0, 0, 1, 1, 0, 1, 1, 0, 0, 0, 1, 1, 1, 1, 1, 0, 1, 0, 0, 1, 1, 1, 0, 0, 0, 1, 0, 0, 1, 0, 1, 1]"
20250519_101504,2,44,110734.8580088,110734.8589433,0.9344999998575076,[-0.20052795 -0.3791041   0.03833523 -0.04112311],0,1.0,False,16,64,2,10,,center,"[0, 0, 1, 1, 0, 1, 1, 0, 0, 0, 1, 1, 1, 1, 1, 0, 1, 0, 0, 1, 1, 1, 0, 0, 0, 1, 0, 0, 1, 0, 1, 1]"
20250519_101504,2,45,110734.8787862,110734.879721,0.9348000021418557,[-0.20811003 -0.57475424  0.03751277  0.26340422],1,1.0,False,16,64,2,10,,center,"[0, 0, 1, 1, 0, 1, 1, 0, 0, 0, 1, 1, 1, 1, 1, 0, 1, 0, 0, 1, 1, 1, 0, 0, 0, 1, 0, 0, 1, 0, 1, 1]"
20250519_101504,2,46,110734.8996475,110734.9006077,0.9601999918231741,[-0.21960512 -0.38018724  0.04278085 -0.01721476],0,1.0,False,16,64,2,10,,center,"[0, 0, 1, 1, 0, 1, 1, 0, 0, 0, 1, 1, 1, 1, 1, 0, 1, 0, 0, 1, 1, 1, 0, 0, 0, 1, 0, 0, 1, 0, 1, 1]"
20250519_101504,2,47,110734.9205527,110734.9214873,0.934600000618957,[-0.22720887 -0.5758958   0.04243656  0.2886532 ],1,1.0,False,16,64,2,10,,center,"[0, 0, 1, 1, 0, 1, 1, 0, 0, 0, 1, 1, 1, 1, 1, 0, 1, 0, 0, 1, 1, 1, 0, 0, 0, 1, 0, 0, 1, 0, 1, 1]"
20250519_101504,2,48,110734.9408323,110734.9415959,0.7636000082129613,[-0.23872678 -0.38140386  0.04820962  0.00965057],1,1.0,False,16,64,2,10,,center,"[0, 0, 1, 1, 0, 1, 1, 0, 0, 0, 1, 1, 1, 1, 1, 0, 1, 0, 0, 1, 1, 1, 0, 0, 0, 1, 0, 0, 1, 0, 1, 1]"
20250519_101504,2,49,110734.9611949,110734.9619531,0.7582000107504427,[-0.24635486 -0.18700525  0.04840263 -0.26744038],1,1.0,False,16,64,2,10,,center,"[0, 0, 1, 1, 0, 1, 1, 0, 0, 0, 1, 1, 1, 1, 1, 0, 1, 0, 0, 1, 1, 1, 0, 0, 0, 1, 0, 0, 1, 0, 1, 1]"
20250519_101504,2,50,110734.9811767,110734.981936,0.759299990022555,[-0.25009498  0.00739369  0.04305382 -0.54447246],1,1.0,False,16,64,2,10,,center,"[0, 0, 1, 1, 0, 1, 1, 0, 0, 0, 1, 1, 1, 1, 1, 0, 1, 0, 0, 1, 1, 1, 0, 0, 0, 1, 0, 0, 1, 0, 1, 1]"
20250519_101504,2,51,110735.0017615,110735.0025245,0.7630000036442652,[-0.24994709  0.20188503  0.03216438 -0.8232852 ],1,1.0,False,16,64,2,10,,center,"[0, 0, 1, 1, 0, 1, 1, 0, 0, 0, 1, 1, 1, 1, 1, 0, 1, 0, 0, 1, 1, 1, 0, 0, 0, 1, 0, 0, 1, 0, 1, 1]"
20250519_101504,2,52,110735.0220503,110735.0228149,0.7646000012755394,[-0.2459094   0.39655256  0.01569867 -1.1056808 ],0,1.0,False,16,64,2,10,,center,"[0, 0, 1, 1, 0, 1, 1, 0, 0, 0, 1, 1, 1, 1, 1, 0, 1, 0, 0, 1, 1, 1, 0, 0, 0, 1, 0, 0, 1, 0, 1, 1]"
20250519_101504,2,53,110735.0420861,110735.0436725,1.5864000015426427,[-0.23797834  0.20122774 -0.00641495 -0.80811447],0,1.0,False,16,64,2,10,,center,"[0, 0, 1, 1, 0, 1, 1, 0, 0, 0, 1, 1, 1, 1, 1, 0, 1, 0, 0, 1, 1, 1, 0, 0, 0, 1, 0, 0, 1, 0, 1, 1]"
20250519_101504,2,54,110735.0622815,110735.0631635,0.8820000075502321,[-0.23395379  0.00619429 -0.02257723 -0.5174563 ],1,1.0,False,16,64,2,10,,center,"[0, 0, 1, 1, 0, 1, 1, 0, 0, 0, 1, 1, 1, 1, 1, 0, 1, 0, 0, 1, 1, 1, 0, 0, 0, 1, 0, 0, 1, 0, 1, 1]"
20250519_101504,2,55,110735.0829344,110735.0837098,0.7754000107524917,[-0.2338299   0.20162673 -0.03292636 -0.8171674 ],1,1.0,False,16,64,2,10,,center,"[0, 0, 1, 1, 0, 1, 1, 0, 0, 0, 1, 1, 1, 1, 1, 0, 1, 0, 0, 1, 1, 1, 0, 0, 0, 1, 0, 0, 1, 0, 1, 1]"
20250519_101504,2,56,110735.1032042,110735.1039836,0.7793999975547194,[-0.22979736  0.3971836  -0.04926971 -1.1200223 ],1,1.0,False,16,64,2,10,,center,"[0, 0, 1, 1, 0, 1, 1, 0, 0, 0, 1, 1, 1, 1, 1, 0, 1, 0, 0, 1, 1, 1, 0, 0, 0, 1, 0, 0, 1, 0, 1, 1]"
20250519_101504,2,57,110735.1242165,110735.1250328,0.8163000020431355,[-0.22185369  0.592916   -0.07167015 -1.427744  ],1,1.0,False,16,64,2,10,,center,"[0, 0, 1, 1, 0, 1, 1, 0, 0, 0, 1, 1, 1, 1, 1, 0, 1, 0, 0, 1, 1, 1, 0, 0, 0, 1, 0, 0, 1, 0, 1, 1]"
20250519_101504,2,58,110735.1452409,110735.1461758,0.9348999883513898,[-0.20999537  0.7888464  -0.10022503 -1.7419381 ],1,1.0,False,16,64,2,10,,center,"[0, 0, 1, 1, 0, 1, 1, 0, 0, 0, 1, 1, 1, 1, 1, 0, 1, 0, 0, 1, 1, 1, 0, 0, 0, 1, 0, 0, 1, 0, 1, 1]"
20250519_101504,2,59,110735.1662678,110735.1672927,1.0249000042676926,[-0.19421844  0.9849562  -0.1350638  -2.0640435 ],0,1.0,False,16,64,2,10,,center,"[0, 0, 1, 1, 0, 1, 1, 0, 0, 0, 1, 1, 1, 1, 1, 0, 1, 0, 0, 1, 1, 1, 0, 0, 0, 1, 0, 0, 1, 0, 1, 1]"
20250519_101504,2,60,110735.1861888,110735.1872123,1.023500008159317,[-0.17451932  0.7914449  -0.17634466 -1.8160081 ],0,1.0,True,16,64,2,10,,center,"[0, 0, 1, 1, 0, 1, 1, 0, 0, 0, 1, 1, 1, 1, 1, 0, 1, 0, 0, 1, 1, 1, 0, 0, 0, 1, 0, 0, 1, 0, 1, 1]"
20250519_101504,3,0,110735.22663,110735.2282229,1.5928999928291887,[ 0.00378315 -0.02649117 -0.03647184  0.02512996],1,1.0,False,16,64,2,10,,center,"[0, 0, 1, 1, 0, 1, 1, 0, 0, 0, 1, 1, 1, 1, 1, 0, 1, 0, 0, 1, 1, 1, 0, 0, 0, 1, 0, 0, 1, 0, 1, 1]"
20250519_101504,3,1,110735.2476761,110735.2490454,1.369300007354468,[ 0.00325333  0.16913433 -0.03596924 -0.27883348],1,1.0,False,16,64,2,10,,center,"[0, 0, 1, 1, 0, 1, 1, 0, 0, 0, 1, 1, 1, 1, 1, 0, 1, 0, 0, 1, 1, 1, 0, 0, 0, 1, 0, 0, 1, 0, 1, 1]"
20250519_101504,3,2,110735.2673194,110735.2686838,1.364399999147281,[ 0.00663602  0.36475044 -0.04154591 -0.5826405 ],0,1.0,False,16,64,2,10,,center,"[0, 0, 1, 1, 0, 1, 1, 0, 0, 0, 1, 1, 1, 1, 1, 0, 1, 0, 0, 1, 1, 1, 0, 0, 0, 1, 0, 0, 1, 0, 1, 1]"
20250519_101504,3,3,110735.2881128,110735.2894758,1.3630000030389056,[ 0.01393102  0.17023444 -0.05319872 -0.3033293 ],1,1.0,False,16,64,2,10,,center,"[0, 0, 1, 1, 0, 1, 1, 0, 0, 0, 1, 1, 1, 1, 1, 0, 1, 0, 0, 1, 1, 1, 0, 0, 0, 1, 0, 0, 1, 0, 1, 1]"
20250519_101504,3,4,110735.3100993,110735.3115263,1.4270000101532787,[ 0.01733571  0.3660726  -0.05926531 -0.61230403],0,1.0,False,16,64,2,10,,center,"[0, 0, 1, 1, 0, 1, 1, 0, 0, 0, 1, 1, 1, 1, 1, 0, 1, 0, 0, 1, 1, 1, 0, 0, 0, 1, 0, 0, 1, 0, 1, 1]"
20250519_101504,3,5,110735.3304064,110735.3319487,1.5423000004375353,[ 0.02465717  0.17182681 -0.07151139 -0.3388607 ],0,1.0,False,16,64,2,10,,center,"[0, 0, 1, 1, 0, 1, 1, 0, 0, 0, 1, 1, 1, 1, 1, 0, 1, 0, 0, 1, 1, 1, 0, 0, 0, 1, 0, 0, 1, 0, 1, 1]"
20250519_101504,3,6,110735.3508633,110735.3523972,1.533899994683452,[ 0.0280937  -0.02220857 -0.07828861 -0.06955791],1,1.0,False,16,64,2,10,,center,"[0, 0, 1, 1, 0, 1, 1, 0, 0, 0, 1, 1, 1, 1, 1, 0, 1, 0, 0, 1, 1, 1, 0, 0, 0, 1, 0, 0, 1, 0, 1, 1]"
20250519_101504,3,7,110735.3721963,110735.3734094,1.2130999966757372,[ 0.02764953  0.17394342 -0.07967976 -0.38587803],1,1.0,False,16,64,2,10,,center,"[0, 0, 1, 1, 0, 1, 1, 0, 0, 0, 1, 1, 1, 1, 1, 0, 1, 0, 0, 1, 1, 1, 0, 0, 0, 1, 0, 0, 1, 0, 1, 1]"
20250519_101504,3,8,110735.3918943,110735.3931644,1.2700999941444024,[ 0.0311284   0.37010077 -0.08739732 -0.7025816 ],0,1.0,False,16,64,2,10,,center,"[0, 0, 1, 1, 0, 1, 1, 0, 0, 0, 1, 1, 1, 1, 1, 0, 1, 0, 0, 1, 1, 1, 0, 0, 0, 1, 0, 0, 1, 0, 1, 1]"
20250519_101504,3,9,110735.4119519,110735.412763,0.8111000061035156,[ 0.03853041  0.17629185 -0.10144895 -0.4386399 ],0,1.0,False,16,64,2,10,,center,"[0, 0, 1, 1, 0, 1, 1, 0, 0, 0, 1, 1, 1, 1, 1, 0, 1, 0, 0, 1, 1, 1, 0, 0, 0, 1, 0, 0, 1, 0, 1, 1]"
20250519_101504,3,10,110735.4320132,110735.4328299,0.8167000050889328,[ 0.04205625 -0.01725889 -0.11022175 -0.17958136],0,1.0,False,16,64,2,10,,center,"[0, 0, 1, 1, 0, 1, 1, 0, 0, 0, 1, 1, 1, 1, 1, 0, 1, 0, 0, 1, 1, 1, 0, 0, 0, 1, 0, 0, 1, 0, 1, 1]"
20250519_101504,3,11,110735.4526507,110735.4535127,0.862000000779517,[ 0.04171107 -0.21064512 -0.11381338  0.07639808],0,1.0,False,16,64,2,10,,center,"[0, 0, 1, 1, 0, 1, 1, 0, 0, 0, 1, 1, 1, 1, 1, 0, 1, 0, 0, 1, 1, 1, 0, 0, 0, 1, 0, 0, 1, 0, 1, 1]"
20250519_101504,3,12,110735.4730521,110735.4738741,0.822000001790002,[ 0.03749817 -0.40396708 -0.11228542  0.33111596],0,1.0,False,16,64,2,10,,center,"[0, 0, 1, 1, 0, 1, 1, 0, 0, 0, 1, 1, 1, 1, 1, 0, 1, 0, 0, 1, 1, 1, 0, 0, 0, 1, 0, 0, 1, 0, 1, 1]"
20250519_101504,3,13,110735.494152,110735.4950206,0.8686000073794276,[ 0.02941883 -0.5973266  -0.1056631   0.5863861 ],0,1.0,False,16,64,2,10,,center,"[0, 0, 1, 1, 0, 1, 1, 0, 0, 0, 1, 1, 1, 1, 1, 0, 1, 0, 0, 1, 1, 1, 0, 0, 0, 1, 0, 0, 1, 0, 1, 1]"
20250519_101504,3,14,110735.5148905,110735.5157684,0.8779000054346398,[ 0.0174723  -0.79082227 -0.09393538  0.8440038 ],1,1.0,False,16,64,2,10,,center,"[0, 0, 1, 1, 0, 1, 1, 0, 0, 0, 1, 1, 1, 1, 1, 0, 1, 0, 0, 1, 1, 1, 0, 0, 0, 1, 0, 0, 1, 0, 1, 1]"
20250519_101504,3,15,110735.5350133,110735.5357709,0.7575999916298315,[ 0.00165585 -0.59455264 -0.0770553   0.5233208 ],0,1.0,False,16,64,2,10,,center,"[0, 0, 1, 1, 0, 1, 1, 0, 0, 0, 1, 1, 1, 1, 1, 0, 1, 0, 0, 1, 1, 1, 0, 0, 0, 1, 0, 0, 1, 0, 1, 1]"
20250519_101504,3,16,110735.5558099,110735.5565792,0.7692999934079126,[-0.0102352  -0.7885103  -0.06658889  0.79076225],0,1.0,False,16,64,2,10,,center,"[0, 0, 1, 1, 0, 1, 1, 0, 0, 0, 1, 1, 1, 1, 1, 0, 1, 0, 0, 1, 1, 1, 0, 0, 0, 1, 0, 0, 1, 0, 1, 1]"
20250519_101504,3,17,110735.5760519,110735.5773503,1.2983999913558364,[-0.02600541 -0.9826578  -0.05077364  1.0617753 ],0,1.0,False,16,64,2,10,,center,"[0, 0, 1, 1, 0, 1, 1, 0, 0, 0, 1, 1, 1, 1, 1, 0, 1, 0, 0, 1, 1, 1, 0, 0, 0, 1, 0, 0, 1, 0, 1, 1]"
20250519_101504,3,18,110735.5957911,110735.5965628,0.7716999971307814,[-0.04565856 -1.177072   -0.02953813  1.3380998 ],1,1.0,False,16,64,2,10,,center,"[0, 0, 1, 1, 0, 1, 1, 0, 0, 0, 1, 1, 1, 1, 1, 0, 1, 0, 0, 1, 1, 1, 0, 0, 0, 1, 0, 0, 1, 0, 1, 1]"
20250519_101504,3,19,110735.6157526,110735.6165181,0.7654999935766682,[-0.0692     -0.98159075 -0.00277614  1.036323  ],0,1.0,False,16,64,2,10,,center,"[0, 0, 1, 1, 0, 1, 1, 0, 0, 0, 1, 1, 1, 1, 1, 0, 1, 0, 0, 1, 1, 1, 0, 0, 0, 1, 0, 0, 1, 0, 1, 1]"
20250519_101504,3,20,110735.6357915,110735.6365647,0.7732000085525215,[-0.08883182 -1.1766757   0.01795032  1.328133  ],0,1.0,False,16,64,2,10,,center,"[0, 0, 1, 1, 0, 1, 1, 0, 0, 0, 1, 1, 1, 1, 1, 0, 1, 0, 0, 1, 1, 1, 0, 0, 0, 1, 0, 0, 1, 0, 1, 1]"
20250519_101504,3,21,110735.6564023,110735.6571637,0.7614000060129911,[-0.11236533 -1.3720195   0.04451298  1.6263787 ],0,1.0,False,16,64,2,10,,center,"[0, 0, 1, 1, 0, 1, 1, 0, 0, 0, 1, 1, 1, 1, 1, 0, 1, 0, 0, 1, 1, 1, 0, 0, 0, 1, 0, 0, 1, 0, 1, 1]"
20250519_101504,3,22,110735.6768611,110735.6782024,1.341299997875467,[-0.13980572 -1.5676359   0.07704055  1.932595  ],0,1.0,False,16,64,2,10,,center,"[0, 0, 1, 1, 0, 1, 1, 0, 0, 0, 1, 1, 1, 1, 1, 0, 1, 0, 0, 1, 1, 1, 0, 0, 0, 1, 0, 0, 1, 0, 1, 1]"
20250519_101504,3,23,110735.6983338,110735.6990905,0.7566999993287027,[-0.17115843 -1.763493    0.11569245  2.2481368 ],1,1.0,False,16,64,2,10,,center,"[0, 0, 1, 1, 0, 1, 1, 0, 0, 0, 1, 1, 1, 1, 1, 0, 1, 0, 0, 1, 1, 1, 0, 0, 0, 1, 0, 0, 1, 0, 1, 1]"
20250519_101504,3,24,110735.7190819,110735.7198405,0.7585999992443249,[-0.2064283  -1.5696353   0.16065519  1.9932319 ],1,1.0,False,16,64,2,10,,center,"[0, 0, 1, 1, 0, 1, 1, 0, 0, 0, 1, 1, 1, 1, 1, 0, 1, 0, 0, 1, 1, 1, 0, 0, 0, 1, 0, 0, 1, 0, 1, 1]"
20250519_101504,3,25,110735.7399752,110735.740894,0.9187999967252836,[-0.237821   -1.3765194   0.20051983  1.7543181 ],1,1.0,True,16,64,2,10,,center,"[0, 0, 1, 1, 0, 1, 1, 0, 0, 0, 1, 1, 1, 1, 1, 0, 1, 0, 0, 1, 1, 1, 0, 0, 0, 1, 0, 0, 1, 0, 1, 1]"
20250519_101504,4,0,110735.7818595,110735.7827199,0.8604000031482428,[ 0.02199434 -0.01638473 -0.00730874 -0.03453129],1,1.0,False,16,64,2,10,,center,"[0, 0, 1, 1, 0, 1, 1, 0, 0, 0, 1, 1, 1, 1, 1, 0, 1, 0, 0, 1, 1, 1, 0, 0, 0, 1, 0, 0, 1, 0, 1, 1]"
20250519_101504,4,1,110735.8024149,110735.803614,1.1991000064881518,[ 0.02166665  0.17884126 -0.00799936 -0.32951123],1,1.0,False,16,64,2,10,,center,"[0, 0, 1, 1, 0, 1, 1, 0, 0, 0, 1, 1, 1, 1, 1, 0, 1, 0, 0, 1, 1, 1, 0, 0, 0, 1, 0, 0, 1, 0, 1, 1]"
20250519_101504,4,2,110735.8223237,110735.8232667,0.9429999918211251,[ 0.02524347  0.37407616 -0.01458959 -0.624706  ],0,1.0,False,16,64,2,10,,center,"[0, 0, 1, 1, 0, 1, 1, 0, 0, 0, 1, 1, 1, 1, 1, 0, 1, 0, 0, 1, 1, 1, 0, 0, 0, 1, 0, 0, 1, 0, 1, 1]"
20250519_101504,4,3,110735.8421293,110735.8433277,1.1984000011580065,[ 0.032725    0.17916091 -0.0270837  -0.33665338],0,1.0,False,16,64,2,10,,center,"[0, 0, 1, 1, 0, 1, 1, 0, 0, 0, 1, 1, 1, 1, 1, 0, 1, 0, 0, 1, 1, 1, 0, 0, 0, 1, 0, 0, 1, 0, 1, 1]"
20250519_101504,4,4,110735.8620585,110735.8630059,0.9473999962210655,[ 0.03630821 -0.01556536 -0.03381677 -0.05263275],0,1.0,False,16,64,2,10,,center,"[0, 0, 1, 1, 0, 1, 1, 0, 0, 0, 1, 1, 1, 1, 1, 0, 1, 0, 0, 1, 1, 1, 0, 0, 0, 1, 0, 0, 1, 0, 1, 1]"
20250519_101504,4,5,110735.883167,110735.8841211,0.9540999890305102,[ 0.03599691 -0.21018651 -0.03486943  0.22919182],1,1.0,False,16,64,2,10,,center,"[0, 0, 1, 1, 0, 1, 1, 0, 0, 0, 1, 1, 1, 1, 1, 0, 1, 0, 0, 1, 1, 1, 0, 0, 0, 1, 0, 0, 1, 0, 1, 1]"
20250519_101504,4,6,110735.9039858,110735.9049399,0.9541000035824254,[ 0.03179318 -0.01458407 -0.03028559 -0.07428301],1,1.0,False,16,64,2,10,,center,"[0, 0, 1, 1, 0, 1, 1, 0, 0, 0, 1, 1, 1, 1, 1, 0, 1, 0, 0, 1, 1, 1, 0, 0, 0, 1, 0, 0, 1, 0, 1, 1]"
20250519_101504,4,7,110735.9249218,110735.9259245,1.0026999952970073,[ 0.03150149  0.18095867 -0.03177125 -0.3763652 ],0,1.0,False,16,64,2,10,,center,"[0, 0, 1, 1, 0, 1, 1, 0, 0, 0, 1, 1, 1, 1, 1, 0, 1, 0, 0, 1, 1, 1, 0, 0, 0, 1, 0, 0, 1, 0, 1, 1]"
20250519_101504,4,8,110735.9458699,110735.946878,1.008100007311441,[ 0.03512067 -0.01369796 -0.03929856 -0.09386681],0,1.0,False,16,64,2,10,,center,"[0, 0, 1, 1, 0, 1, 1, 0, 0, 0, 1, 1, 1, 1, 1, 0, 1, 0, 0, 1, 1, 1, 0, 0, 0, 1, 0, 0, 1, 0, 1, 1]"
20250519_101504,4,9,110735.9672656,110735.9682785,1.0129000002052635,[ 0.03484671 -0.20823525 -0.04117589  0.18616304],0,1.0,False,16,64,2,10,,center,"[0, 0, 1, 1, 0, 1, 1, 0, 0, 0, 1, 1, 1, 1, 1, 0, 1, 0, 0, 1, 1, 1, 0, 0, 0, 1, 0, 0, 1, 0, 1, 1]"
20250519_101504,4,10,110735.9869259,110735.987941,1.0151000024052337,[ 0.030682   -0.40274462 -0.03745263  0.46557748],0,1.0,False,16,64,2,10,,center,"[0, 0, 1, 1, 0, 1, 1, 0, 0, 0, 1, 1, 1, 1, 1, 0, 1, 0, 0, 1, 1, 1, 0, 0, 0, 1, 0, 0, 1, 0, 1, 1]"
20250519_101504,4,11,110736.0076157,110736.0086327,1.0170000023208559,[ 0.02262711 -0.59731793 -0.02814108  0.7462242 ],1,1.0,False,16,64,2,10,,center,"[0, 0, 1, 1, 0, 1, 1, 0, 0, 0, 1, 1, 1, 1, 1, 0, 1, 0, 0, 1, 1, 1, 0, 0, 0, 1, 0, 0, 1, 0, 1, 1]"
20250519_101504,4,12,110736.0291096,110736.0298897,0.7801000028848648,[ 0.01068075 -0.4018192  -0.0132166   0.4448199 ],1,1.0,False,16,64,2,10,,center,"[0, 0, 1, 1, 0, 1, 1, 0, 0, 0, 1, 1, 1, 1, 1, 0, 1, 0, 0, 1, 1, 1, 0, 0, 0, 1, 0, 0, 1, 0, 1, 1]"
20250519_101504,4,13,110736.049119,110736.0499366,0.8175999973900616,[ 0.00264437 -0.20651278 -0.0043202   0.14800029],0,1.0,False,16,64,2,10,,center,"[0, 0, 1, 1, 0, 1, 1, 0, 0, 0, 1, 1, 1, 1, 1, 0, 1, 0, 0, 1, 1, 1, 0, 0, 0, 1, 0, 0, 1, 0, 1, 1]"
20250519_101504,4,14,110736.0699738,110736.070842,0.8682000043336302,[-0.00148589 -0.4015726  -0.00136019  0.43931714],1,1.0,False,16,64,2,10,,center,"[0, 0, 1, 1, 0, 1, 1, 0, 0, 0, 1, 1, 1, 1, 1, 0, 1, 0, 0, 1, 1, 1, 0, 0, 0, 1, 0, 0, 1, 0, 1, 1]"
20250519_101504,4,15,110736.0901296,110736.0910646,0.9350000036647543,[-0.00951734 -0.20643142  0.00742615  0.14620577],0,1.0,False,16,64,2,10,,center,"[0, 0, 1, 1, 0, 1, 1, 0, 0, 0, 1, 1, 1, 1, 1, 0, 1, 0, 0, 1, 1, 1, 0, 0, 0, 1, 0, 0, 1, 0, 1, 1]"
20250519_101504,4,16,110736.111364,110736.1123672,1.003199999104254,[-0.01364597 -0.40165892  0.01035027  0.44122222],0,1.0,False,16,64,2,10,,center,"[0, 0, 1, 1, 0, 1, 1, 0, 0, 0, 1, 1, 1, 1, 1, 0, 1, 0, 0, 1, 1, 1, 0, 0, 0, 1, 0, 0, 1, 0, 1, 1]"
20250519_101504,4,17,110736.1312932,110736.1324164,1.123199996072799,[-0.02167915 -0.5969258   0.01917471  0.7371498 ],1,1.0,False,16,64,2,10,,center,"[0, 0, 1, 1, 0, 1, 1, 0, 0, 0, 1, 1, 1, 1, 1, 0, 1, 0, 0, 1, 1, 1, 0, 0, 0, 1, 0, 0, 1, 0, 1, 1]"
20250519_101504,4,18,110736.1509798,110736.1521124,1.1325999948894605,[-0.03361766 -0.40207386  0.03391771  0.4505626 ],0,1.0,False,16,64,2,10,,center,"[0, 0, 1, 1, 0, 1, 1, 0, 0, 0, 1, 1, 1, 1, 1, 0, 1, 0, 0, 1, 1, 1, 0, 0, 0, 1, 0, 0, 1, 0, 1, 1]"
20250519_101504,4,19,110736.1710104,110736.1721145,1.1041000107070431,[-0.04165914 -0.5976587   0.04292896  0.753741  ],1,1.0,False,16,64,2,10,,center,"[0, 0, 1, 1, 0, 1, 1, 0, 0, 0, 1, 1, 1, 1, 1, 0, 1, 0, 0, 1, 1, 1, 0, 0, 0, 1, 0, 0, 1, 0, 1, 1]"
20250519_101504,4,20,110736.1912346,110736.1923425,1.1078999959863722,[-0.05361231 -0.40315408  0.05800378  0.47487012],1,1.0,False,16,64,2,10,,center,"[0, 0, 1, 1, 0, 1, 1, 0, 0, 0, 1, 1, 1, 1, 1, 0, 1, 0, 0, 1, 1, 1, 0, 0, 0, 1, 0, 0, 1, 0, 1, 1]"
20250519_101504,4,21,110736.2120959,110736.2133352,1.2392999924486503,[-0.0616754  -0.20889713  0.06750118  0.20101829],0,1.0,False,16,64,2,10,,center,"[0, 0, 1, 1, 0, 1, 1, 0, 0, 0, 1, 1, 1, 1, 1, 0, 1, 0, 0, 1, 1, 1, 0, 0, 0, 1, 0, 0, 1, 0, 1, 1]"
20250519_101504,4,22,110736.2321325,110736.2334175,1.285000005736947,[-0.06585333 -0.4049163   0.07152154  0.5142077 ],1,1.0,False,16,64,2,10,,center,"[0, 0, 1, 1, 0, 1, 1, 0, 0, 0, 1, 1, 1, 1, 1, 0, 1, 0, 0, 1, 1, 1, 0, 0, 0, 1, 0, 0, 1, 0, 1, 1]"
20250519_101504,4,23,110736.2524966,110736.2538336,1.336999994236976,[-0.07395166 -0.21087065  0.0818057   0.24489279],1,1.0,False,16,64,2,10,,center,"[0, 0, 1, 1, 0, 1, 1, 0, 0, 0, 1, 1, 1, 1, 1, 0, 1, 0, 0, 1, 1, 1, 0, 0, 0, 1, 0, 0, 1, 0, 1, 1]"
20250519_101504,4,24,110736.2725759,110736.2737853,1.2093999976059422,[-0.07816908 -0.01700662  0.08670355 -0.02090671],0,1.0,False,16,64,2,10,,center,"[0, 0, 1, 1, 0, 1, 1, 0, 0, 0, 1, 1, 1, 1, 1, 0, 1, 0, 0, 1, 1, 1, 0, 0, 0, 1, 0, 0, 1, 0, 1, 1]"
20250519_101504,4,25,110736.2933312,110736.2943608,1.029600010951981,[-0.07850921 -0.21325809  0.08628542  0.2978236 ],0,1.0,False,16,64,2,10,,center,"[0, 0, 1, 1, 0, 1, 1, 0, 0, 0, 1, 1, 1, 1, 1, 0, 1, 0, 0, 1, 1, 1, 0, 0, 0, 1, 0, 0, 1, 0, 1, 1]"
20250519_101504,4,26,110736.3131729,110736.3139324,0.7594999915454537,[-0.08277437 -0.40949726  0.09224189  0.6164237 ],1,1.0,False,16,64,2,10,,center,"[0, 0, 1, 1, 0, 1, 1, 0, 0, 0, 1, 1, 1, 1, 1, 0, 1, 0, 0, 1, 1, 1, 0, 0, 0, 1, 0, 0, 1, 0, 1, 1]"
20250519_101504,4,27,110736.3336607,110736.3344228,0.7621000113431364,[-0.09096432 -0.21577683  0.10457037  0.3541591 ],0,1.0,False,16,64,2,10,,center,"[0, 0, 1, 1, 0, 1, 1, 0, 0, 0, 1, 1, 1, 1, 1, 0, 1, 0, 0, 1, 1, 1, 0, 0, 0, 1, 0, 0, 1, 0, 1, 1]"
20250519_101504,4,28,110736.3554883,110736.360281,4.792699997778982,[-0.09527985 -0.41221818  0.11165355  0.67789924],1,1.0,False,16,64,2,10,,center,"[0, 0, 1, 1, 0, 1, 1, 0, 0, 0, 1, 1, 1, 1, 1, 0, 1, 0, 0, 1, 1, 1, 0, 0, 0, 1, 0, 0, 1, 0, 1, 1]"
20250519_101504,4,29,110736.3737868,110736.3745545,0.7676999957766384,[-0.10352422 -0.21880998  0.12521154  0.42235136],1,1.0,False,16,64,2,10,,center,"[0, 0, 1, 1, 0, 1, 1, 0, 0, 0, 1, 1, 1, 1, 1, 0, 1, 0, 0, 1, 1, 1, 0, 0, 0, 1, 0, 0, 1, 0, 1, 1]"
20250519_101504,4,30,110736.3948891,110736.3956437,0.7545999978901818,[-0.10790042 -0.02566371  0.13365856  0.17161617],0,1.0,False,16,64,2,10,,center,"[0, 0, 1, 1, 0, 1, 1, 0, 0, 0, 1, 1, 1, 1, 1, 0, 1, 0, 0, 1, 1, 1, 0, 0, 0, 1, 0, 0, 1, 0, 1, 1]"
20250519_101504,4,31,110736.4158227,110736.416582,0.7593000045744702,[-0.10841369 -0.22242028  0.13709089  0.50329745],1,1.0,False,16,64,2,10,,center,"[0, 0, 1, 1, 0, 1, 1, 0, 0, 0, 1, 1, 1, 1, 1, 0, 1, 0, 0, 1, 1, 1, 0, 0, 0, 1, 0, 0, 1, 0, 1, 1]"
20250519_101504,4,32,110736.4359448,110736.4366964,0.751599989598617,[-0.1128621  -0.02946978  0.14715683  0.25676572],1,1.0,False,16,64,2,10,,center,"[0, 0, 1, 1, 0, 1, 1, 0, 0, 0, 1, 1, 1, 1, 1, 0, 1, 0, 0, 1, 1, 1, 0, 0, 0, 1, 0, 0, 1, 0, 1, 1]"
20250519_101504,4,33,110736.4559978,110736.4568038,0.8059999963734299,[-0.11345149  0.16327828  0.15229215  0.01387662],1,1.0,False,16,64,2,10,,center,"[0, 0, 1, 1, 0, 1, 1, 0, 0, 0, 1, 1, 1, 1, 1, 0, 1, 0, 0, 1, 1, 1, 0, 0, 0, 1, 0, 0, 1, 0, 1, 1]"
20250519_101504,4,34,110736.4761852,110736.477208,1.0228000028291717,[-0.11018593  0.35592538  0.15256968 -0.22714844],1,1.0,False,16,64,2,10,,center,"[0, 0, 1, 1, 0, 1, 1, 0, 0, 0, 1, 1, 1, 1, 1, 0, 1, 0, 0, 1, 1, 1, 0, 0, 0, 1, 0, 0, 1, 0, 1, 1]"
20250519_101504,4,35,110736.4969513,110736.4977769,0.8256000000983477,[-0.10306742  0.5485751   0.1480267  -0.4680846 ],1,1.0,False,16,64,2,10,,center,"[0, 0, 1, 1, 0, 1, 1, 0, 0, 0, 1, 1, 1, 1, 1, 0, 1, 0, 0, 1, 1, 1, 0, 0, 0, 1, 0, 0, 1, 0, 1, 1]"
20250519_101504,4,36,110736.5180556,110736.5189231,0.8674999990034848,[-0.09209592  0.7413297   0.13866502 -0.71069354],0,1.0,False,16,64,2,10,,center,"[0, 0, 1, 1, 0, 1, 1, 0, 0, 0, 1, 1, 1, 1, 1, 0, 1, 0, 0, 1, 1, 1, 0, 0, 0, 1, 0, 0, 1, 0, 1, 1]"
20250519_101504,4,37,110736.5387402,110736.5396197,0.8794999885139987,[-0.07726932  0.5445877   0.12445115 -0.3777761 ],1,1.0,False,16,64,2,10,,center,"[0, 0, 1, 1, 0, 1, 1, 0, 0, 0, 1, 1, 1, 1, 1, 0, 1, 0, 0, 1, 1, 1, 0, 0, 0, 1, 0, 0, 1, 0, 1, 1]"
20250519_101504,4,38,110736.558917,110736.5606816,1.764600005117245,[-0.06637757  0.7377427   0.11689563 -0.62877357],0,1.0,False,16,64,2,10,,center,"[0, 0, 1, 1, 0, 1, 1, 0, 0, 0, 1, 1, 1, 1, 1, 0, 1, 0, 0, 1, 1, 1, 0, 0, 0, 1, 0, 0, 1, 0, 1, 1]"
20250519_101504,4,39,110736.5800845,110736.5808453,0.760800001444295,[-0.05162271  0.5412001   0.10432015 -0.30168256],0,1.0,False,16,64,2,10,,center,"[0, 0, 1, 1, 0, 1, 1, 0, 0, 0, 1, 1, 1, 1, 1, 0, 1, 0, 0, 1, 1, 1, 0, 0, 0, 1, 0, 0, 1, 0, 1, 1]"
20250519_101504,4,40,110736.6009606,110736.6017158,0.7552000024588779,[-0.04079871  0.344758    0.0982865   0.02199323],1,1.0,False,16,64,2,10,,center,"[0, 0, 1, 1, 0, 1, 1, 0, 0, 0, 1, 1, 1, 1, 1, 0, 1, 0, 0, 1, 1, 1, 0, 0, 0, 1, 0, 0, 1, 0, 1, 1]"
20250519_101504,4,41,110736.6211898,110736.6222573,1.0674999939510599,[-0.03390355  0.53834313  0.09872637 -0.23813324],0,1.0,False,16,64,2,10,,center,"[0, 0, 1, 1, 0, 1, 1, 0, 0, 0, 1, 1, 1, 1, 1, 0, 1, 0, 0, 1, 1, 1, 0, 0, 0, 1, 0, 0, 1, 0, 1, 1]"
20250519_101504,4,42,110736.6419696,110736.6432489,1.2793000059900805,[-0.02313669  0.3419595   0.09396371  0.08398614],1,1.0,False,16,64,2,10,,center,"[0, 0, 1, 1, 0, 1, 1, 0, 0, 0, 1, 1, 1, 1, 1, 0, 1, 0, 0, 1, 1, 1, 0, 0, 0, 1, 0, 0, 1, 0, 1, 1]"
20250519_101504,4,43,110736.6619811,110736.6627933,0.8121999999275431,[-0.0162975   0.5356177   0.09564343 -0.17763501],0,1.0,False,16,64,2,10,,center,"[0, 0, 1, 1, 0, 1, 1, 0, 0, 0, 1, 1, 1, 1, 1, 0, 1, 0, 0, 1, 1, 1, 0, 0, 0, 1, 0, 0, 1, 0, 1, 1]"
20250519_101504,4,44,110736.682214,110736.6832312,1.0172000038437545,[-0.00558514  0.3392664   0.09209073  0.14362216],0,1.0,False,16,64,2,10,,center,"[0, 0, 1, 1, 0, 1, 1, 0, 0, 0, 1, 1, 1, 1, 1, 0, 1, 0, 0, 1, 1, 1, 0, 0, 0, 1, 0, 0, 1, 0, 1, 1]"
20250519_101504,4,45,110736.7034414,110736.7043008,0.8594000100856647,[0.00120018 0.14295451 0.09496317 0.46387866],0,1.0,False,16,64,2,10,,center,"[0, 0, 1, 1, 0, 1, 1, 0, 0, 0, 1, 1, 1, 1, 1, 0, 1, 0, 0, 1, 1, 1, 0, 0, 0, 1, 0, 0, 1, 0, 1, 1]"
20250519_101504,4,46,110736.7233393,110736.7242821,0.9427999902982265,[ 0.00405927 -0.05337211  0.10424075  0.78491896],0,1.0,False,16,64,2,10,,center,"[0, 0, 1, 1, 0, 1, 1, 0, 0, 0, 1, 1, 1, 1, 1, 0, 1, 0, 0, 1, 1, 1, 0, 0, 0, 1, 0, 0, 1, 0, 1, 1]"
20250519_101504,4,47,110736.7432214,110736.7449164,1.6949999990174547,[ 0.00299183 -0.24976009  0.11993913  1.1084932 ],0,1.0,False,16,64,2,10,,center,"[0, 0, 1, 1, 0, 1, 1, 0, 0, 0, 1, 1, 1, 1, 1, 0, 1, 0, 0, 1, 1, 1, 0, 0, 0, 1, 0, 0, 1, 0, 1, 1]"
20250519_101504,4,48,110736.7648799,110736.7659756,1.0957000049529597,[-0.00200337 -0.44623643  0.14210899  1.4362681 ],1,1.0,False,16,64,2,10,,center,"[0, 0, 1, 1, 0, 1, 1, 0, 0, 0, 1, 1, 1, 1, 1, 0, 1, 0, 0, 1, 1, 1, 0, 0, 0, 1, 0, 0, 1, 0, 1, 1]"
20250519_101504,4,49,110736.7860619,110736.7871698,1.1078999959863722,[-0.0109281  -0.2531236   0.17083435  1.1911584 ],1,1.0,False,16,64,2,10,,center,"[0, 0, 1, 1, 0, 1, 1, 0, 0, 0, 1, 1, 1, 1, 1, 0, 1, 0, 0, 1, 1, 1, 0, 0, 0, 1, 0, 0, 1, 0, 1, 1]"
20250519_101504,4,50,110736.8070024,110736.808104,1.1015999916708097,[-0.01599057 -0.06057615  0.19465752  0.9565229 ],1,1.0,True,16,64,2,10,,center,"[0, 0, 1, 1, 0, 1, 1, 0, 0, 0, 1, 1, 1, 1, 1, 0, 1, 0, 0, 1, 1, 1, 0, 0, 0, 1, 0, 0, 1, 0, 1, 1]"
20250519_101504,5,0,110736.8481657,110736.8491493,0.9836000099312514,[0.04780637 0.0320988  0.00835542 0.04294872],0,1.0,False,16,64,2,10,,center,"[0, 0, 1, 1, 0, 1, 1, 0, 0, 0, 1, 1, 1, 1, 1, 0, 1, 0, 0, 1, 1, 1, 0, 0, 0, 1, 0, 0, 1, 0, 1, 1]"
20250519_101504,5,1,110736.870278,110736.8712885,1.0104999964823946,[ 0.04844835 -0.16314197  0.00921439  0.3382561 ],1,1.0,False,16,64,2,10,,center,"[0, 0, 1, 1, 0, 1, 1, 0, 0, 0, 1, 1, 1, 1, 1, 0, 1, 0, 0, 1, 1, 1, 0, 0, 0, 1, 0, 0, 1, 0, 1, 1]"
20250519_101504,5,2,110736.8901268,110736.8910878,0.9609999979147688,[0.04518551 0.03184766 0.01597952 0.04849307],1,1.0,False,16,64,2,10,,center,"[0, 0, 1, 1, 0, 1, 1, 0, 0, 0, 1, 1, 1, 1, 1, 0, 1, 0, 0, 1, 1, 1, 0, 0, 0, 1, 0, 0, 1, 0, 1, 1]"
20250519_101504,5,3,110736.9109737,110736.9119918,1.0181000106967986,[ 0.04582246  0.22673687  0.01694938 -0.23910566],0,1.0,False,16,64,2,10,,center,"[0, 0, 1, 1, 0, 1, 1, 0, 0, 0, 1, 1, 1, 1, 1, 0, 1, 0, 0, 1, 1, 1, 0, 0, 0, 1, 0, 0, 1, 0, 1, 1]"
20250519_101504,5,4,110736.932278,110736.9332416,0.9636000031605363,[0.0503572  0.03137695 0.01216726 0.05887503],0,1.0,False,16,64,2,10,,center,"[0, 0, 1, 1, 0, 1, 1, 0, 0, 0, 1, 1, 1, 1, 1, 0, 1, 0, 0, 1, 1, 1, 0, 0, 0, 1, 0, 0, 1, 0, 1, 1]"
20250519_101504,5,5,110736.9524858,110736.9535225,1.036700006807223,[ 0.05098474 -0.16391733  0.01334476  0.35537183],0,1.0,False,16,64,2,10,,center,"[0, 0, 1, 1, 0, 1, 1, 0, 0, 0, 1, 1, 1, 1, 1, 0, 1, 0, 0, 1, 1, 1, 0, 0, 0, 1, 0, 0, 1, 0, 1, 1]"
20250519_101504,5,6,110736.972548,110736.9736146,1.066600001649931,[ 0.04770639 -0.35922647  0.0204522   0.6522327 ],0,1.0,False,16,64,2,10,,center,"[0, 0, 1, 1, 0, 1, 1, 0, 0, 0, 1, 1, 1, 1, 1, 0, 1, 0, 0, 1, 1, 1, 0, 0, 0, 1, 0, 0, 1, 0, 1, 1]"
20250519_101504,5,7,110736.9922562,110736.9936253,1.3691000058315694,[ 0.04052186 -0.5546272   0.03349685  0.951285  ],0,1.0,False,16,64,2,10,,center,"[0, 0, 1, 1, 0, 1, 1, 0, 0, 0, 1, 1, 1, 1, 1, 0, 1, 0, 0, 1, 1, 1, 0, 0, 0, 1, 0, 0, 1, 0, 1, 1]"
20250519_101504,5,8,110737.0125761,110737.0136483,1.0722000006353483,[ 0.02942932 -0.7501835   0.05252255  1.2543012 ],0,1.0,False,16,64,2,10,,center,"[0, 0, 1, 1, 0, 1, 1, 0, 0, 0, 1, 1, 1, 1, 1, 0, 1, 0, 0, 1, 1, 1, 0, 0, 0, 1, 0, 0, 1, 0, 1, 1]"
20250519_101504,5,9,110737.0323072,110737.0334271,1.1199000000488013,[ 0.01442565 -0.9459373   0.07760858  1.5629615 ],1,1.0,False,16,64,2,10,,center,"[0, 0, 1, 1, 0, 1, 1, 0, 0, 0, 1, 1, 1, 1, 1, 0, 1, 0, 0, 1, 1, 1, 0, 0, 0, 1, 0, 0, 1, 0, 1, 1]"
20250519_101504,5,10,110737.0526902,110737.0537412,1.0509999992791563,[-0.0044931  -0.7518245   0.10886781  1.2954627 ],0,1.0,False,16,64,2,10,,center,"[0, 0, 1, 1, 0, 1, 1, 0, 0, 0, 1, 1, 1, 1, 1, 0, 1, 0, 0, 1, 1, 1, 0, 0, 0, 1, 0, 0, 1, 0, 1, 1]"
20250519_101504,5,11,110737.0732819,110737.0740488,0.7669000042369589,[-0.01952959 -0.948148    0.13477707  1.6201485 ],0,1.0,False,16,64,2,10,,center,"[0, 0, 1, 1, 0, 1, 1, 0, 0, 0, 1, 1, 1, 1, 1, 0, 1, 0, 0, 1, 1, 1, 0, 0, 0, 1, 0, 0, 1, 0, 1, 1]"
20250519_101504,5,12,110737.0941173,110737.0949147,0.797400003648363,[-0.03849255 -1.144576    0.16718003  1.951623  ],1,1.0,False,16,64,2,10,,center,"[0, 0, 1, 1, 0, 1, 1, 0, 0, 0, 1, 1, 1, 1, 1, 0, 1, 0, 0, 1, 1, 1, 0, 0, 0, 1, 0, 0, 1, 0, 1, 1]"
20250519_101504,5,13,110737.1149518,110737.1157517,0.799899993580766,[-0.06138406 -0.9515798   0.20621249  1.7150873 ],1,1.0,True,16,64,2,10,,center,"[0, 0, 1, 1, 0, 1, 1, 0, 0, 0, 1, 1, 1, 1, 1, 0, 1, 0, 0, 1, 1, 1, 0, 0, 0, 1, 0, 0, 1, 0, 1, 1]"
20250519_101504,6,0,110737.1564976,110737.1573884,0.8908000017981976,[0.03885297 0.0117631  0.04719108 0.01744619],0,1.0,False,16,64,2,10,,center,"[0, 0, 1, 1, 0, 1, 1, 0, 0, 0, 1, 1, 1, 1, 1, 0, 1, 0, 0, 1, 1, 1, 0, 0, 0, 1, 0, 0, 1, 0, 1, 1]"
20250519_101504,6,1,110737.177273,110737.1781479,0.8749000116949901,[ 0.03908823 -0.18400274  0.04754     0.32463706],1,1.0,False,16,64,2,10,,center,"[0, 0, 1, 1, 0, 1, 1, 0, 0, 0, 1, 1, 1, 1, 1, 0, 1, 0, 0, 1, 1, 1, 0, 0, 0, 1, 0, 0, 1, 0, 1, 1]"
20250519_101504,6,2,110737.1982639,110737.1991411,0.8772000001044944,[0.03540818 0.0104112  0.05403274 0.04731712],0,1.0,False,16,64,2,10,,center,"[0, 0, 1, 1, 0, 1, 1, 0, 0, 0, 1, 1, 1, 1, 1, 0, 1, 0, 0, 1, 1, 1, 0, 0, 0, 1, 0, 0, 1, 0, 1, 1]"
20250519_101504,6,3,110737.2193027,110737.2201931,0.8903999987524003,[ 0.0356164  -0.18544224  0.05497908  0.35654643],0,1.0,False,16,64,2,10,,center,"[0, 0, 1, 1, 0, 1, 1, 0, 0, 0, 1, 1, 1, 1, 1, 0, 1, 0, 0, 1, 1, 1, 0, 0, 0, 1, 0, 0, 1, 0, 1, 1]"
20250519_101504,6,4,110737.2399291,110737.2407793,0.8501999982399866,[ 0.03190755 -0.381301    0.06211001  0.6660464 ],0,1.0,False,16,64,2,10,,center,"[0, 0, 1, 1, 0, 1, 1, 0, 0, 0, 1, 1, 1, 1, 1, 0, 1, 0, 0, 1, 1, 1, 0, 0, 0, 1, 0, 0, 1, 0, 1, 1]"
20250519_101504,6,5,110737.2609089,110737.2618651,0.956199990469031,[ 0.02428154 -0.5772293   0.07543094  0.9776208 ],1,1.0,False,16,64,2,10,,center,"[0, 0, 1, 1, 0, 1, 1, 0, 0, 0, 1, 1, 1, 1, 1, 0, 1, 0, 0, 1, 1, 1, 0, 0, 0, 1, 0, 0, 1, 0, 1, 1]"
20250519_101504,6,6,110737.2812913,110737.2822185,0.927200002479367,[ 0.01273695 -0.3831954   0.09498335  0.7095532 ],1,1.0,False,16,64,2,10,,center,"[0, 0, 1, 1, 0, 1, 1, 0, 0, 0, 1, 1, 1, 1, 1, 0, 1, 0, 0, 1, 1, 1, 0, 0, 0, 1, 0, 0, 1, 0, 1, 1]"
20250519_101504,6,7,110737.3013625,110737.3023758,1.0133000032510608,[ 0.00507304 -0.18950836  0.10917442  0.44821537],0,1.0,False,16,64,2,10,,center,"[0, 0, 1, 1, 0, 1, 1, 0, 0, 0, 1, 1, 1, 1, 1, 0, 1, 0, 0, 1, 1, 1, 0, 0, 0, 1, 0, 0, 1, 0, 1, 1]"
20250519_101504,6,8,110737.3210581,110737.3220576,0.9995000000344589,[ 0.00128287 -0.3859916   0.11813872  0.77321905],0,1.0,False,16,64,2,10,,center,"[0, 0, 1, 1, 0, 1, 1, 0, 0, 0, 1, 1, 1, 1, 1, 0, 1, 0, 0, 1, 1, 1, 0, 0, 0, 1, 0, 0, 1, 0, 1, 1]"
20250519_101504,6,9,110737.3423046,110737.3446425,2.3379000049317256,[-0.00643696 -0.5825236   0.13360311  1.1006143 ],0,1.0,False,16,64,2,10,,center,"[0, 0, 1, 1, 0, 1, 1, 0, 0, 0, 1, 1, 1, 1, 1, 0, 1, 0, 0, 1, 1, 1, 0, 0, 0, 1, 0, 0, 1, 0, 1, 1]"
20250519_101504,6,10,110737.3624595,110737.363392,0.9324999991804361,[-0.01808743 -0.7791262   0.15561539  1.4320527 ],0,1.0,False,16,64,2,10,,center,"[0, 0, 1, 1, 0, 1, 1, 0, 0, 0, 1, 1, 1, 1, 1, 0, 1, 0, 0, 1, 1, 1, 0, 0, 0, 1, 0, 0, 1, 0, 1, 1]"
20250519_101504,6,11,110737.382513,110737.3832703,0.7572999893454835,[-0.03366995 -0.9757883   0.18425645  1.7690477 ],0,1.0,True,16,64,2,10,,center,"[0, 0, 1, 1, 0, 1, 1, 0, 0, 0, 1, 1, 1, 1, 1, 0, 1, 0, 0, 1, 1, 1, 0, 0, 0, 1, 0, 0, 1, 0, 1, 1]"
20250519_101504,7,0,110737.4248283,110737.4255865,0.7581999961985275,[ 0.00180732  0.0148872   0.04314293 -0.02869418],0,1.0,False,16,64,2,10,,center,"[0, 0, 1, 1, 0, 1, 1, 0, 0, 0, 1, 1, 1, 1, 1, 0, 1, 0, 0, 1, 1, 1, 0, 0, 0, 1, 0, 0, 1, 0, 1, 1]"
20250519_101504,7,1,110737.4458867,110737.4480516,2.164899997296743,[ 0.00210506 -0.18082604  0.04256905  0.2772826 ],1,1.0,False,16,64,2,10,,center,"[0, 0, 1, 1, 0, 1, 1, 0, 0, 0, 1, 1, 1, 1, 1, 0, 1, 0, 0, 1, 1, 1, 0, 0, 0, 1, 0, 0, 1, 0, 1, 1]"
20250519_101504,7,2,110737.4669862,110737.4677506,0.7643999997526407,[-0.00151146  0.01366356  0.0481147  -0.00167599],1,1.0,False,16,64,2,10,,center,"[0, 0, 1, 1, 0, 1, 1, 0, 0, 0, 1, 1, 1, 1, 1, 0, 1, 0, 0, 1, 1, 1, 0, 0, 0, 1, 0, 0, 1, 0, 1, 1]"
20250519_101504,7,3,110737.487007,110737.487768,0.7610000029671937,[-0.00123819  0.20806363  0.04808118 -0.27879837],1,1.0,False,16,64,2,10,,center,"[0, 0, 1, 1, 0, 1, 1, 0, 0, 0, 1, 1, 1, 1, 1, 0, 1, 0, 0, 1, 1, 1, 0, 0, 0, 1, 0, 0, 1, 0, 1, 1]"
20250519_101504,7,4,110737.5078676,110737.5086241,0.756499997805804,[ 0.00292309  0.40246788  0.04250522 -0.5559373 ],1,1.0,False,16,64,2,10,,center,"[0, 0, 1, 1, 0, 1, 1, 0, 0, 0, 1, 1, 1, 1, 1, 0, 1, 0, 0, 1, 1, 1, 0, 0, 0, 1, 0, 0, 1, 0, 1, 1]"
20250519_101504,7,5,110737.5289924,110737.5297543,0.7619000098202378,[ 0.01097244  0.5969681   0.03138647 -0.8349314 ],0,1.0,False,16,64,2,10,,center,"[0, 0, 1, 1, 0, 1, 1, 0, 0, 0, 1, 1, 1, 1, 1, 0, 1, 0, 0, 1, 1, 1, 0, 0, 0, 1, 0, 0, 1, 0, 1, 1]"
20250519_101504,7,6,110737.5488326,110737.5496156,0.7829999958630651,[ 0.02291181  0.40143174  0.01468784 -0.53254515],1,1.0,False,16,64,2,10,,center,"[0, 0, 1, 1, 0, 1, 1, 0, 0, 0, 1, 1, 1, 1, 1, 0, 1, 0, 0, 1, 1, 1, 0, 0, 0, 1, 0, 0, 1, 0, 1, 1]"
20250519_101504,7,7,110737.5696501,110737.5704428,0.7926999969640747,[ 0.03094044  0.59634405  0.00403694 -0.82056403],1,1.0,False,16,64,2,10,,center,"[0, 0, 1, 1, 0, 1, 1, 0, 0, 0, 1, 1, 1, 1, 1, 0, 1, 0, 0, 1, 1, 1, 0, 0, 0, 1, 0, 0, 1, 0, 1, 1]"
20250519_101504,7,8,110737.5895545,110737.590331,0.7765000045765191,[ 0.04286733  0.79141057 -0.01237434 -1.1119745 ],0,1.0,False,16,64,2,10,,center,"[0, 0, 1, 1, 0, 1, 1, 0, 0, 0, 1, 1, 1, 1, 1, 0, 1, 0, 0, 1, 1, 1, 0, 0, 0, 1, 0, 0, 1, 0, 1, 1]"
20250519_101504,7,9,110737.6109929,110737.6123477,1.3547999988077208,[ 0.05869554  0.5964533  -0.03461383 -0.82319903],1,1.0,False,16,64,2,10,,center,"[0, 0, 1, 1, 0, 1, 1, 0, 0, 0, 1, 1, 1, 1, 1, 0, 1, 0, 0, 1, 1, 1, 0, 0, 0, 1, 0, 0, 1, 0, 1, 1]"
20250519_101504,7,10,110737.6316436,110737.6324037,0.7600999961141497,[ 0.0706246   0.7920312  -0.05107781 -1.1265646 ],1,1.0,False,16,64,2,10,,center,"[0, 0, 1, 1, 0, 1, 1, 0, 0, 0, 1, 1, 1, 1, 1, 0, 1, 0, 0, 1, 1, 1, 0, 0, 0, 1, 0, 0, 1, 0, 1, 1]"
20250519_101504,7,11,110737.6518298,110737.6526112,0.781399998231791,[ 0.08646522  0.9877839  -0.07360911 -1.434821  ],1,1.0,False,16,64,2,10,,center,"[0, 0, 1, 1, 0, 1, 1, 0, 0, 0, 1, 1, 1, 1, 1, 0, 1, 0, 0, 1, 1, 1, 0, 0, 0, 1, 0, 0, 1, 0, 1, 1]"
20250519_101504,7,12,110737.6718995,110737.6728478,0.9483000030741096,[ 0.1062209   1.1837325  -0.10230552 -1.7495694 ],0,1.0,False,16,64,2,10,,center,"[0, 0, 1, 1, 0, 1, 1, 0, 0, 0, 1, 1, 1, 1, 1, 0, 1, 0, 0, 1, 1, 1, 0, 0, 0, 1, 0, 0, 1, 0, 1, 1]"
20250519_101504,7,13,110737.6920529,110737.6933005,1.2475999974412844,[ 0.12989555  0.9899104  -0.13729692 -1.490382  ],0,1.0,False,16,64,2,10,,center,"[0, 0, 1, 1, 0, 1, 1, 0, 0, 0, 1, 1, 1, 1, 1, 0, 1, 0, 0, 1, 1, 1, 0, 0, 0, 1, 0, 0, 1, 0, 1, 1]"
20250519_101504,7,14,110737.7122564,110737.7131438,0.8874000050127506,[ 0.14969376  0.7967011  -0.16710456 -1.2435338 ],1,1.0,False,16,64,2,10,,center,"[0, 0, 1, 1, 0, 1, 1, 0, 0, 0, 1, 1, 1, 1, 1, 0, 1, 0, 0, 1, 1, 1, 0, 0, 0, 1, 0, 0, 1, 0, 1, 1]"
20250519_101504,7,15,110737.733228,110737.7340013,0.7733000093139708,[ 0.16562778  0.99352586 -0.19197524 -1.5835588 ],1,1.0,True,16,64,2,10,,center,"[0, 0, 1, 1, 0, 1, 1, 0, 0, 0, 1, 1, 1, 1, 1, 0, 1, 0, 0, 1, 1, 1, 0, 0, 0, 1, 0, 0, 1, 0, 1, 1]"
20250519_101504,8,0,110737.7736036,110737.7743729,0.7693000079598278,[ 0.04200896  0.04336711 -0.00326783 -0.04994211],0,1.0,False,16,64,2,10,,center,"[0, 0, 1, 1, 0, 1, 1, 0, 0, 0, 1, 1, 1, 1, 1, 0, 1, 0, 0, 1, 1, 1, 0, 0, 0, 1, 0, 0, 1, 0, 1, 1]"
20250519_101504,8,1,110737.793809,110737.7952382,1.4291999978013337,[ 0.0428763  -0.15170783 -0.00426667  0.241708  ],1,1.0,False,16,64,2,10,,center,"[0, 0, 1, 1, 0, 1, 1, 0, 0, 0, 1, 1, 1, 1, 1, 0, 1, 0, 0, 1, 1, 1, 0, 0, 0, 1, 0, 0, 1, 0, 1, 1]"
20250519_101504,8,2,110737.8149251,110737.8156934,0.7683000003453344,[ 0.03984214  0.04347481  0.00056749 -0.05231769],1,1.0,False,16,64,2,10,,center,"[0, 0, 1, 1, 0, 1, 1, 0, 0, 0, 1, 1, 1, 1, 1, 0, 1, 0, 0, 1, 1, 1, 0, 0, 0, 1, 0, 0, 1, 0, 1, 1]"
20250519_101504,8,3,110737.8350554,110737.8358409,0.7855000003473833,[ 0.04071164  0.23858862 -0.00047887 -0.3448215 ],1,1.0,False,16,64,2,10,,center,"[0, 0, 1, 1, 0, 1, 1, 0, 0, 0, 1, 1, 1, 1, 1, 0, 1, 0, 0, 1, 1, 1, 0, 0, 0, 1, 0, 0, 1, 0, 1, 1]"
20250519_101504,8,4,110737.8549459,110737.8556962,0.7502999942516908,[ 0.04548341  0.43371737 -0.0073753  -0.63765544],1,1.0,False,16,64,2,10,,center,"[0, 0, 1, 1, 0, 1, 1, 0, 0, 0, 1, 1, 1, 1, 1, 0, 1, 0, 0, 1, 1, 1, 0, 0, 0, 1, 0, 0, 1, 0, 1, 1]"
20250519_101504,8,5,110737.8749042,110737.8758007,0.8965000015450642,[ 0.05415776  0.6289414  -0.0201284  -0.9326518 ],1,1.0,False,16,64,2,10,,center,"[0, 0, 1, 1, 0, 1, 1, 0, 0, 0, 1, 1, 1, 1, 1, 0, 1, 0, 0, 1, 1, 1, 0, 0, 0, 1, 0, 0, 1, 0, 1, 1]"
20250519_101504,8,6,110737.8955738,110737.8963401,0.7662999996682629,[ 0.06673659  0.8243291  -0.03878144 -1.2315912 ],1,1.0,False,16,64,2,10,,center,"[0, 0, 1, 1, 0, 1, 1, 0, 0, 0, 1, 1, 1, 1, 1, 0, 1, 0, 0, 1, 1, 1, 0, 0, 0, 1, 0, 0, 1, 0, 1, 1]"
20250519_101504,8,7,110737.9161799,110737.9169503,0.7704000017838553,[ 0.08322317  1.0199277  -0.06341326 -1.5361676 ],1,1.0,False,16,64,2,10,,center,"[0, 0, 1, 1, 0, 1, 1, 0, 0, 0, 1, 1, 1, 1, 1, 0, 1, 0, 0, 1, 1, 1, 0, 0, 0, 1, 0, 0, 1, 0, 1, 1]"
20250519_101504,8,8,110737.9365972,110737.9373573,0.7601000106660649,[ 0.10362172  1.2157533  -0.09413662 -1.8479465 ],0,1.0,False,16,64,2,10,,center,"[0, 0, 1, 1, 0, 1, 1, 0, 0, 0, 1, 1, 1, 1, 1, 0, 1, 0, 0, 1, 1, 1, 0, 0, 0, 1, 0, 0, 1, 0, 1, 1]"
20250519_101504,8,9,110737.956908,110737.9576995,0.7915000023785979,[ 0.1279368   1.0217856  -0.13109554 -1.5859185 ],1,1.0,False,16,64,2,10,,center,"[0, 0, 1, 1, 0, 1, 1, 0, 0, 0, 1, 1, 1, 1, 1, 0, 1, 0, 0, 1, 1, 1, 0, 0, 0, 1, 0, 0, 1, 0, 1, 1]"
20250519_101504,8,10,110737.9776211,110737.9784039,0.7827999943401664,[ 0.1483725   1.2181998  -0.16281392 -1.9164437 ],1,1.0,False,16,64,2,10,,center,"[0, 0, 1, 1, 0, 1, 1, 0, 0, 0, 1, 1, 1, 1, 1, 0, 1, 0, 0, 1, 1, 1, 0, 0, 0, 1, 0, 0, 1, 0, 1, 1]"
20250519_101504,8,11,110737.997935,110737.9987199,0.7848999957786873,[ 0.1727365   1.4146572  -0.20114279 -2.2548885 ],1,1.0,True,16,64,2,10,,center,"[0, 0, 1, 1, 0, 1, 1, 0, 0, 0, 1, 1, 1, 1, 1, 0, 1, 0, 0, 1, 1, 1, 0, 0, 0, 1, 0, 0, 1, 0, 1, 1]"
20250519_101504,9,0,110738.0386081,110738.0393875,0.7793999975547194,[-0.02259809 -0.01900071 -0.04515783 -0.01281596],1,1.0,False,16,64,2,10,,center,"[0, 0, 1, 1, 0, 1, 1, 0, 0, 0, 1, 1, 1, 1, 1, 0, 1, 0, 0, 1, 1, 1, 0, 0, 0, 1, 0, 0, 1, 0, 1, 1]"
20250519_101504,9,1,110738.0592932,110738.0608363,1.54310000652913,[-0.02297811  0.1767388  -0.04541415 -0.3193978 ],1,1.0,False,16,64,2,10,,center,"[0, 0, 1, 1, 0, 1, 1, 0, 0, 0, 1, 1, 1, 1, 1, 0, 1, 0, 0, 1, 1, 1, 0, 0, 0, 1, 0, 0, 1, 0, 1, 1]"
20250519_101504,9,2,110738.0796958,110738.0804456,0.7498000049963593,[-0.01944333  0.3724771  -0.05180211 -0.62604976],1,1.0,False,16,64,2,10,,center,"[0, 0, 1, 1, 0, 1, 1, 0, 0, 0, 1, 1, 1, 1, 1, 0, 1, 0, 0, 1, 1, 1, 0, 0, 0, 1, 0, 0, 1, 0, 1, 1]"
20250519_101504,9,3,110738.0997416,110738.1005211,0.7794999983161688,[-0.01199379  0.5682824  -0.0643231  -0.93458676],1,1.0,False,16,64,2,10,,center,"[0, 0, 1, 1, 0, 1, 1, 0, 0, 0, 1, 1, 1, 1, 1, 0, 1, 0, 0, 1, 1, 1, 0, 0, 0, 1, 0, 0, 1, 0, 1, 1]"
20250519_101504,9,4,110738.1198161,110738.1206962,0.8800999930826947,[-6.2814081e-04  7.6421034e-01 -8.3014838e-02 -1.2467687e+00],1,1.0,False,16,64,2,10,,center,"[0, 0, 1, 1, 0, 1, 1, 0, 0, 0, 1, 1, 1, 1, 1, 0, 1, 0, 0, 1, 1, 1, 0, 0, 0, 1, 0, 0, 1, 0, 1, 1]"
20250519_101504,9,5,110738.1401099,110738.1409209,0.8109999907901511,[ 0.01465607  0.960293   -0.10795021 -1.5642582 ],1,1.0,False,16,64,2,10,,center,"[0, 0, 1, 1, 0, 1, 1, 0, 0, 0, 1, 1, 1, 1, 1, 0, 1, 0, 0, 1, 1, 1, 0, 0, 0, 1, 0, 0, 1, 0, 1, 1]"
20250519_101504,9,6,110738.1607113,110738.1621565,1.4451999886659905,[ 0.03386192  1.1565272  -0.13923538 -1.8885719 ],0,1.0,False,16,64,2,10,,center,"[0, 0, 1, 1, 0, 1, 1, 0, 0, 0, 1, 1, 1, 1, 1, 0, 1, 0, 0, 1, 1, 1, 0, 0, 0, 1, 0, 0, 1, 0, 1, 1]"
20250519_101504,9,7,110738.1807906,110738.1815438,0.7532000017818063,[ 0.05699247  0.963166   -0.17700681 -1.64214   ],1,1.0,True,16,64,2,10,,center,"[0, 0, 1, 1, 0, 1, 1, 0, 0, 0, 1, 1, 1, 1, 1, 0, 1, 0, 0, 1, 1, 1, 0, 0, 0, 1, 0, 0, 1, 0, 1, 1]"
