episode_index,step_count,observation_state,action_taken,reward_received,terminated
0,0,[ 0.01865892  0.1490603   0.0262903  -0.28484303],1,1.0,False
0,1,[ 0.02164013  0.3437976   0.02059344 -0.5691196 ],1,1.0,False
0,2,[ 0.02851608  0.53862476  0.00921105 -0.85524434],1,1.0,False
0,3,[ 0.03928857  0.3433785  -0.00789384 -0.5596793 ],0,1.0,False
0,4,[ 0.04615614  0.53861034 -0.01908743 -0.8548388 ],1,1.0,False
0,5,[ 0.05692835  0.34375367 -0.0361842  -0.56821835],0,1.0,False
0,6,[ 0.06380343  0.14915743 -0.04754857 -0.2871509 ],0,1.0,False
0,7,[ 0.06678657  0.3449241  -0.05329159 -0.594443  ],1,1.0,False
0,8,[ 0.07368506  0.15058696 -0.06518044 -0.31901145],0,1.0,False
0,9,[ 0.07669679  0.34657374 -0.07156067 -0.6315168 ],1,1.0,False
0,10,[ 0.08362827  0.15251935 -0.08419101 -0.36220112],0,1.0,False
0,11,[ 0.08667865 -0.04131135 -0.09143503 -0.09720781],0,1.0,False
0,12,[ 0.08585243  0.15499401 -0.09337919 -0.4172803 ],1,1.0,False
0,13,[ 0.08895231 -0.03868913 -0.1017248  -0.15543489],0,1.0,False
0,14,[ 0.08817852  0.15773106 -0.10483349 -0.4783976 ],1,1.0,False
0,15,[ 0.09133315 -0.03576676 -0.11440144 -0.22050898],0,1.0,False
0,16,[ 0.09061781 -0.2290834  -0.11881162  0.03400979],0,1.0,False
0,17,[ 0.08603615 -0.03247576 -0.11813143 -0.2936711 ],1,1.0,False
0,18,[ 0.08538663 -0.22573274 -0.12400485 -0.04045586],0,1.0,False
0,19,[ 0.08087198 -0.0290709  -0.12481397 -0.36954752],1,1.0,False
0,20,[ 0.08029056 -0.22221893 -0.13220492 -0.11867937],0,1.0,False
0,21,[ 0.07584618 -0.4152233  -0.13457851  0.12954573],0,1.0,False
0,22,[ 0.06754171 -0.2184559  -0.13198759 -0.20238335],1,1.0,False
0,23,[ 0.06317259 -0.41146752 -0.13603526  0.04592414],0,1.0,False
0,24,[ 0.05494324 -0.60440314 -0.13511677  0.29278278],0,1.0,False
0,25,[ 0.04285518 -0.40763944 -0.12926112 -0.03927627],1,1.0,False
0,26,[ 0.03470239 -0.60069364 -0.13004665  0.20999217],0,1.0,False
0,27,[ 0.02268852 -0.79373956 -0.1258468   0.4589898 ],0,1.0,False
0,28,[ 0.00681373 -0.5970842  -0.11666701  0.12943828],1,1.0,False
0,29,[-0.00512796 -0.7903584  -0.11407824  0.38315645],0,1.0,False
0,30,[-0.02093513 -0.59381723 -0.10641512  0.05679459],1,1.0,False
0,31,[-0.03281147 -0.7872652  -0.10527922  0.31409806],0,1.0,False
0,32,[-0.04855677 -0.5908134  -0.09899726 -0.00984307],1,1.0,False
0,33,[-0.06037304 -0.78438646 -0.09919412  0.25003722],0,1.0,False
0,34,[-0.07606077 -0.5879982  -0.09419338 -0.07221235],1,1.0,False
0,35,[-0.08782074 -0.7816524  -0.09563762  0.18932933],0,1.0,False
0,36,[-0.10345379 -0.5853016  -0.09185103 -0.13192563],1,1.0,False
0,37,[-0.11515982 -0.77899593 -0.09448955  0.13042498],0,1.0,False
0,38,[-0.13073973 -0.5826564  -0.09188105 -0.19050923],1,1.0,False
0,39,[-0.14239286 -0.776352   -0.09569123  0.07183357],0,1.0,False
0,40,[-0.1579199  -0.9699811  -0.09425456  0.33285818],0,1.0,False
0,41,[-0.17731953 -0.7736528  -0.0875974   0.01200306],1,1.0,False
0,42,[-0.19279258 -0.96741635 -0.08735733  0.27581334],0,1.0,False
0,43,[-0.2121409  -0.7711637  -0.08184107 -0.04309348],1,1.0,False
0,44,[-0.22756419 -0.96502256 -0.08270294  0.22268702],0,1.0,False
0,45,[-0.24686463 -0.7688219  -0.0782492  -0.09489504],1,1.0,False
0,46,[-0.26224107 -0.9627402  -0.0801471   0.17211056],0,1.0,False
0,47,[-0.28149587 -0.76656806 -0.07670489 -0.14474109],1,1.0,False
0,48,[-0.29682723 -0.96051246 -0.07959971  0.12279103],0,1.0,False
0,49,[-0.31603748 -0.7643457  -0.07714389 -0.19390506],1,1.0,False
0,50,[-0.3313244  -0.9582842  -0.08102199  0.07347972],0,1.0,False
0,51,[-0.3504901  -0.7620998  -0.0795524  -0.24362591],1,1.0,False
0,52,[-0.36573207 -0.9560007  -0.08442491  0.02294179],0,1.0,False
0,53,[-0.38485208 -0.7597758  -0.08396608 -0.2951386 ],1,1.0,False
0,54,[-0.4000476  -0.9536066  -0.08986885 -0.03007379],0,1.0,False
0,55,[-0.41911975 -1.1473325  -0.09047033  0.23295656],0,1.0,False
0,56,[-0.4420664  -0.95104223 -0.0858112  -0.08683683],1,1.0,False
0,57,[-0.46108723 -1.144836   -0.08754794  0.17758672],0,1.0,False
0,58,[-0.48398396 -0.94857734 -0.0839962  -0.14137998],1,1.0,False
0,59,[-0.5029555  -1.1424022  -0.0868238   0.12366632],0,1.0,False
0,60,[-0.52580357 -0.94615054 -0.08435047 -0.19509636],1,1.0,False
0,61,[-0.54472655 -1.139971   -0.0882524   0.06983098],0,1.0,False
0,62,[-0.567526   -0.9437019  -0.08685578 -0.24933943],1,1.0,False
0,63,[-0.58640003 -1.137483   -0.09184257  0.01473304],0,1.0,False
0,64,[-0.6091497  -0.9411722  -0.09154791 -0.30545598],1,1.0,False
0,65,[-0.62797314 -1.1348784  -0.09765702 -0.04299092],0,1.0,False
0,66,[-0.6506707  -0.93850154 -0.09851684 -0.36481822],1,1.0,False
0,67,[-0.6694407  -1.1320955  -0.10581321 -0.10475251],0,1.0,False
0,68,[-0.69208264 -1.3255545  -0.10790826  0.15276186],0,1.0,False
0,69,[-0.7185937  -1.1290661  -0.10485302 -0.17191981],1,1.0,False
0,70,[-0.74117506 -1.3225433  -0.10829142  0.0859317 ],0,1.0,False
0,71,[-0.7676259  -1.1260492  -0.10657278 -0.2388585 ],1,1.0,False
0,72,[-0.7901469  -1.3195     -0.11134996  0.01839832],0,1.0,False
0,73,[-0.8165369  -1.1229719  -0.11098199 -0.30723748],1,1.0,False
0,74,[-0.8389963  -1.3163518  -0.11712674 -0.05151383],0,1.0,False
0,75,[-0.86532336 -1.5096165  -0.11815701  0.20204039],0,1.0,False
0,76,[-0.8955157  -1.3130203  -0.11411621 -0.12545513],1,1.0,False
0,77,[-0.9217761  -1.5063382  -0.11662531  0.12915821],0,1.0,False
0,78,[-0.95190287 -1.6996131  -0.11404215  0.38289103],0,1.0,False
0,79,[-0.9858951  -1.5030723  -0.10638432  0.05653904],1,1.0,False
0,80,[-1.0159565  -1.6965208  -0.10525354  0.31385323],0,1.0,False
0,81,[-1.049887   -1.5000691  -0.09897648 -0.0100808 ],1,1.0,False
0,82,[-1.0798883  -1.6936426  -0.0991781   0.24980669],0,1.0,False
0,83,[-1.1137612  -1.8872187  -0.09418196  0.5096333 ],0,1.0,False
0,84,[-1.1515056  -1.6909049  -0.08398929  0.18881907],1,1.0,False
0,85,[-1.1853237  -1.884731   -0.08021291  0.45386964],0,1.0,False
0,86,[-1.2230183  -1.6885719  -0.07113552  0.13701971],1,1.0,False
0,87,[-1.2567898  -1.8826067  -0.06839512  0.40643957],0,1.0,False
0,88,[-1.2944419  -1.686585   -0.06026633  0.09300187],1,1.0,False
0,89,[-1.3281736  -1.4906533  -0.0584063  -0.21806961],1,1.0,False
0,90,[-1.3579867  -1.6848937  -0.06276769  0.05563262],0,1.0,False
0,91,[-1.3916845  -1.8790622  -0.06165504  0.32787013],0,1.0,False
0,92,[-1.4292657  -1.6831192  -0.05509764  0.01639892],1,1.0,False
0,93,[-1.4629282  -1.4872521  -0.05476966 -0.29314634],1,1.0,False
0,94,[-1.4926732  -1.6815522  -0.06063258 -0.01822754],0,1.0,False
0,95,[-1.5263042  -1.4856154  -0.06099713 -0.3294076 ],1,1.0,False
0,96,[-1.5560166  -1.6798184  -0.06758529 -0.05656692],0,1.0,False
0,97,[-1.589613   -1.4837958  -0.06871662 -0.36978456],1,1.0,False
0,98,[-1.6192888  -1.6778775  -0.07611232 -0.09953578],0,1.0,False
0,99,[-1.6528463  -1.8718308  -0.07810303  0.16819644],0,1.0,False
0,100,[-1.690283   -1.6756828  -0.07473911 -0.14806756],1,1.0,False
0,101,[-1.7237966  -1.8696593  -0.07770045  0.12013211],0,1.0,False
0,102,[-1.7611898  -1.6735151  -0.07529781 -0.1960175 ],1,1.0,False
0,103,[-1.7946601  -1.8674837  -0.07921816  0.07199439],0,1.0,False
0,104,[-1.8320098  -1.6713207  -0.07777827 -0.24459314],1,1.0,False
0,105,[-1.8654362  -1.8652506  -0.08267014  0.02257845],0,1.0,False
0,106,[-1.9027412  -1.6690463  -0.08221857 -0.29500014],1,1.0,False
0,107,[-1.9361222  -1.8629057  -0.08811857 -0.02933832],0,1.0,False
0,108,[-1.9733803  -1.6666379  -0.08870534 -0.34847122],1,1.0,False
0,109,[-2.0067132  -1.8603935  -0.09567476 -0.08502557],0,1.0,False
0,110,[-2.043921   -1.6640396  -0.09737527 -0.40629494],1,1.0,False
0,111,[-2.0772016  -1.8576556  -0.10550117 -0.14582986],0,1.0,False
0,112,[-2.1143548  -1.6611935  -0.10841777 -0.46984446],1,1.0,False
0,113,[-2.1475787  -1.8546302  -0.11781466 -0.21320528],0,1.0,False
0,114,[-2.1846714  -2.047888   -0.12207876  0.04011439],0,1.0,False
0,115,[-2.225629   -1.8512462  -0.12127648 -0.28845522],1,1.0,False
0,116,[-2.262654   -2.0444489  -0.12704559 -0.03634789],0,1.0,False
0,117,[-2.3035429  -1.8477556  -0.12777254 -0.36626086],1,1.0,False
0,118,[-2.340498   -2.0408523  -0.13509776 -0.11644001],0,1.0,False
0,119,[-2.381315   -1.8440793  -0.13742656 -0.44850808],1,1.0,False
0,120,[-2.4181967  -2.0370169  -0.14639671 -0.20210645],0,1.0,True
1,0,[ 0.02155221  0.22986369  0.03407999 -0.3216301 ],1,1.0,False
1,1,[ 0.02614948  0.42448416  0.02764739 -0.6033737 ],1,1.0,False
1,2,[ 0.03463916  0.61920875  0.01557991 -0.88722163],1,1.0,False
1,3,[ 0.04702334  0.42387882 -0.00216452 -0.58968204],0,1.0,False
1,4,[ 0.05550092  0.22878726 -0.01395816 -0.29768172],0,1.0,False
1,5,[ 0.06007666  0.42410538 -0.01991179 -0.5947339 ],1,1.0,False
1,6,[ 0.06855877  0.22926769 -0.03180647 -0.308389  ],0,1.0,False
1,7,[ 0.07314412  0.42482805 -0.03797425 -0.61093074],1,1.0,False
1,8,[ 0.08164068  0.23025689 -0.05019287 -0.33044612],0,1.0,False
1,9,[ 0.08624582  0.42605606 -0.05680179 -0.6385255 ],1,1.0,False
1,10,[ 0.09476694  0.23177022 -0.0695723  -0.36425748],0,1.0,False
1,11,[ 0.09940235  0.4278084  -0.07685745 -0.67804116],1,1.0,False
1,12,[ 0.10795852  0.2338336  -0.09041827 -0.41051176],0,1.0,False
1,13,[ 0.11263519  0.04010205 -0.09862851 -0.14764827],0,1.0,False
1,14,[ 0.11343723  0.23648791 -0.10158147 -0.46974522],1,1.0,False
1,15,[ 0.11816698  0.04293658 -0.11097638 -0.21072848],0,1.0,False
1,16,[ 0.11902571  0.2394559  -0.11519095 -0.5362542 ],1,1.0,False
1,17,[ 0.12381484  0.046126   -0.12591603 -0.28197253],0,1.0,False
1,18,[ 0.12473735 -0.14699604 -0.13155548 -0.03150444],0,1.0,False
1,19,[ 0.12179743 -0.34001008 -0.13218556  0.21694906],0,1.0,False
1,20,[ 0.11499723 -0.14327054 -0.12784658 -0.11433528],1,1.0,False
1,21,[ 0.11213182 -0.33635086 -0.1301333   0.13543695],0,1.0,False
1,22,[ 0.1054048  -0.13962832 -0.12742455 -0.19530311],1,1.0,False
1,23,[ 0.10261224 -0.3327191  -0.13133062  0.0546233 ],0,1.0,False
1,24,[ 0.09595786 -0.52573735 -0.13023815  0.3031571 ],0,1.0,False
1,25,[ 0.08544311 -0.32902303 -0.12417501 -0.02759724],1,1.0,False
1,26,[ 0.07886265 -0.5221657  -0.12472695  0.22347228],0,1.0,False
1,27,[ 0.06841934 -0.32550222 -0.12025751 -0.10580601],1,1.0,False
1,28,[ 0.06190929 -0.51871395 -0.12237363  0.14664787],0,1.0,False
1,29,[ 0.05153501 -0.3220714  -0.11944067 -0.18199822],1,1.0,False
1,30,[ 0.04509358 -0.51529974 -0.12308063  0.07074717],0,1.0,False
1,31,[ 0.03478759 -0.7084619  -0.12166569  0.32220408],0,1.0,False
1,32,[ 0.02061835 -0.5118364  -0.11522161 -0.00623537],1,1.0,False
1,33,[ 0.01038162 -0.7051336  -0.11534632  0.24798757],0,1.0,False
1,34,[-0.00372105 -0.5085695  -0.11038657 -0.07873604],1,1.0,False
1,35,[-0.01389244 -0.7019501  -0.11196129  0.17718162],0,1.0,False
1,36,[-0.02793144 -0.8953065  -0.10841765  0.4325525 ],0,1.0,False
1,37,[-0.04583757 -0.69882995 -0.0997666   0.10775561],1,1.0,False
1,38,[-0.05981417 -0.8923912  -0.09761149  0.367371  ],0,1.0,False
1,39,[-0.07766199 -0.6960275  -0.09026407  0.04557536],1,1.0,False
1,40,[-0.09158254 -0.88974696 -0.08935257  0.30846998],0,1.0,False
1,41,[-0.10937748 -0.69347304 -0.08318317 -0.01100117],1,1.0,False
1,42,[-0.12324695 -0.8873096  -0.08340319  0.25432068],0,1.0,False
1,43,[-0.14099313 -0.69110197 -0.07831678 -0.06345987],1,1.0,False
1,44,[-0.15481518 -0.88501877 -0.07958598  0.20352218],0,1.0,False
1,45,[-0.17251556 -0.6888542  -0.07551553 -0.11316691],1,1.0,False
1,46,[-0.18629263 -0.88281745 -0.07777887  0.15476827],0,1.0,False
1,47,[-0.20394899 -0.686673   -0.0746835  -0.16140285],1,1.0,False
1,48,[-0.21768245 -0.8806507  -0.07791156  0.10681613],0,1.0,False
1,49,[-0.23529546 -0.68450373 -0.07577524 -0.20939465],1,1.0,False
1,50,[-0.24898553 -0.878465   -0.07996313  0.05845579],0,1.0,False
1,51,[-0.26655483 -0.682293   -0.07879402 -0.25834608],1,1.0,False
1,52,[-0.2802007  -0.8762068  -0.08396094  0.00848071],0,1.0,False
1,53,[-0.29772484 -1.0700306  -0.08379132  0.27353665],0,1.0,False
1,54,[-0.31912544 -0.87381923 -0.07832059 -0.04435363],1,1.0,False
1,55,[-0.33660182 -1.0677358  -0.07920767  0.22262688],0,1.0,False
1,56,[-0.35795653 -0.8715763  -0.07475512 -0.09395252],1,1.0,False
1,57,[-0.37538806 -1.0655516  -0.07663418  0.17424029],0,1.0,False
1,58,[-0.3966991  -0.86942136 -0.07314937 -0.14160013],1,1.0,False
1,59,[-0.41408753 -1.0634235  -0.07598137  0.12713827],0,1.0,False
1,60,[-0.435356   -0.8673     -0.07343861 -0.18851534],1,1.0,False
1,61,[-0.452702   -1.0612986  -0.07720891  0.08012673],0,1.0,False
1,62,[-0.47392797 -0.8651597  -0.07560638 -0.23588213],1,1.0,False
1,63,[-0.49123117 -1.0591246  -0.08032402  0.03202694],0,1.0,False
1,64,[-0.5124137  -0.8629481  -0.07968348 -0.28487888],1,1.0,False
1,65,[-0.5296726  -1.0568485  -0.08538106 -0.01835329],0,1.0,False
1,66,[-0.55080956 -0.86061245 -0.08574813 -0.33670667],1,1.0,False
1,67,[-0.56802183 -1.0544162  -0.09248226 -0.07224829],0,1.0,False
1,68,[-0.58911014 -1.2480989  -0.09392723  0.18988329],0,1.0,False
1,69,[-0.61407214 -1.0517675  -0.09012956 -0.13088976],1,1.0,False
1,70,[-0.63510746 -1.2454906  -0.09274735  0.13205309],0,1.0,False
1,71,[-0.6600173  -1.0491709  -0.09010629 -0.18838942],1,1.0,False
1,72,[-0.6810007  -1.2428958  -0.09387408  0.07456382],0,1.0,False
1,73,[-0.70585865 -1.0465622  -0.0923828  -0.24619839],1,1.0,False
1,74,[-0.7267899  -1.2402517  -0.09730677  0.01597489],0,1.0,False
1,75,[-0.7515949  -1.0438786  -0.09698728 -0.3057543 ],1,1.0,False
1,76,[-0.7724725  -1.2374943  -0.10310236 -0.04516518],0,1.0,False
1,77,[-0.7972224  -1.4309983  -0.10400566  0.21329103],0,1.0,False
1,78,[-0.8258423  -1.234555   -0.09973984 -0.11030416],1,1.0,False
1,79,[-0.8505334  -1.4281168  -0.10194593  0.14932059],0,1.0,False
1,80,[-0.8790958  -1.231694   -0.09895951 -0.17370413],1,1.0,False
1,81,[-0.9037296  -1.4252706  -0.1024336   0.08619356],0,1.0,False
1,82,[-0.93223506 -1.6187865  -0.10070973  0.34488297],0,1.0,False
1,83,[-0.9646108  -1.4223868  -0.09381206  0.02221764],1,1.0,False
1,84,[-0.9930585  -1.6160469  -0.09336771  0.2838902 ],0,1.0,False
1,85,[-1.0253794  -1.4197259  -0.08768991 -0.03671893],1,1.0,False
1,86,[-1.053774   -1.6134881  -0.08842429  0.22705977],0,1.0,False
1,87,[-1.0860437  -1.4172211  -0.08388309 -0.09215349],1,1.0,False
1,88,[-1.1143881  -1.6110468  -0.08572616  0.17293009],0,1.0,False
1,89,[-1.1466091  -1.8048438  -0.08226756  0.43738556],0,1.0,False
1,90,[-1.182706   -1.6086596  -0.07351985  0.11994513],1,1.0,False
1,91,[-1.2148792  -1.8026555  -0.07112095  0.3885574 ],0,1.0,False
1,92,[-1.2509323  -1.6065998  -0.0633498   0.07432552],1,1.0,False
1,93,[-1.2830642  -1.8007591  -0.06186329  0.3463678 ],0,1.0,False
1,94,[-1.3190794  -1.6048143  -0.05493593  0.03483656],1,1.0,False
1,95,[-1.3511758  -1.7991071  -0.0542392   0.30969316],0,1.0,False
1,96,[-1.3871579e+00 -1.6032560e+00 -4.8045337e-02  4.1002256e-04],1,1.0,False
1,97,[-1.419223   -1.4074792  -0.04803714 -0.30703634],1,1.0,False
1,98,[-1.4473726  -1.6018848  -0.05417787 -0.02988165],0,1.0,False
1,99,[-1.4794103  -1.4060295  -0.0547755  -0.33915412],1,1.0,False
1,100,[-1.5075309  -1.600331   -0.06155858 -0.06423495],0,1.0,False
1,101,[-1.5395375  -1.404383   -0.06284328 -0.3756871 ],1,1.0,False
1,102,[-1.5676252  -1.5985585  -0.07035702 -0.10346231],0,1.0,False
1,103,[-1.5995964  -1.7926054  -0.07242627  0.1662199 ],0,1.0,False
1,104,[-1.6354485  -1.5965254  -0.06910187 -0.14840364],1,1.0,False
1,105,[-1.6673789  -1.7905934  -0.07206994  0.12170362],0,1.0,False
1,106,[-1.7031908  -1.5945168  -0.06963587 -0.1928179 ],1,1.0,False
1,107,[-1.7350812  -1.7885771  -0.07349223  0.07711062],0,1.0,False
1,108,[-1.7708527  -1.5924827  -0.07195002 -0.2378242 ],1,1.0,False
1,109,[-1.8027023 -1.786507  -0.0767065  0.0313241],0,1.0,False
1,110,[-1.8384324  -1.5903735  -0.07608002 -0.28454047],1,1.0,False
1,111,[-1.87024    -1.7843326  -0.08177083 -0.01678941],0,1.0,False
1,112,[-1.9059266  -1.588139   -0.08210661 -0.33411038],1,1.0,False
1,113,[-1.9376894  -1.7820022  -0.08878882 -0.06840742],0,1.0,False
1,114,[-1.9733294  -1.585727   -0.09015697 -0.38773027],1,1.0,False
1,115,[-2.005044   -1.7794611  -0.09791157 -0.12477939],0,1.0,False
1,116,[-2.0406332  -1.5830828  -0.10040716 -0.44667616],1,1.0,False
1,117,[-2.072295   -1.7766516  -0.10934069 -0.18725546],0,1.0,False
1,118,[-2.107828   -1.9700532  -0.1130858   0.06903229],0,1.0,False
1,119,[-2.147229   -1.7735069  -0.11170515 -0.25708047],1,1.0,False
1,120,[-2.1826990e+00 -1.9668714e+00 -1.1684676e-01 -1.6143525e-03],0,1.0,False
1,121,[-2.2220366  -1.7702844  -0.11687905 -0.32875893],1,1.0,False
1,122,[-2.2574422  -1.9635653  -0.12345423 -0.0750998 ],0,1.0,False
1,123,[-2.2967136  -1.7669097  -0.12495622 -0.40404165],1,1.0,False
1,124,[-2.3320518  -1.9600586  -0.13303706 -0.15321895],0,1.0,False
1,125,[-2.3712528  -1.7633075  -0.13610144 -0.4847354 ],1,1.0,False
1,126,[-2.406519   -1.9562726  -0.14579615 -0.23785461],0,1.0,True
2,0,[-0.00522509  0.18614727  0.03067085 -0.29583663],1,1.0,False
2,1,[-0.00150215  0.38081884  0.02475411 -0.5786908 ],1,1.0,False
2,2,[ 0.00611423  0.5755853   0.0131803  -0.8634741 ],1,1.0,False
2,3,[ 0.01762594  0.38028643 -0.00408919 -0.56667626],0,1.0,False
2,4,[ 0.02523167  0.5754655  -0.01542271 -0.86064464],1,1.0,False
2,5,[ 0.03674097  0.38055694 -0.0326356  -0.5728507 ],0,1.0,False
2,6,[ 0.04435211  0.18590741 -0.04409262 -0.29062504],0,1.0,False
2,7,[ 0.04807026  0.38162944 -0.04990512 -0.59688175],1,1.0,False
2,8,[ 0.05570285  0.18724006 -0.06184275 -0.32032675],0,1.0,False
2,9,[ 0.05944765  0.3831857  -0.06824929 -0.6318535 ],1,1.0,False
2,10,[ 0.06711137  0.18907902 -0.08088636 -0.36142105],0,1.0,False
2,11,[ 0.07089294  0.38525194 -0.08811478 -0.678473  ],1,1.0,False
2,12,[ 0.07859799  0.19145745 -0.10168424 -0.41478127],0,1.0,False
2,13,[ 0.08242714 -0.00208735 -0.10997987 -0.15580736],0,1.0,False
2,14,[ 0.08238539  0.19442336 -0.11309601 -0.4810615 ],1,1.0,False
2,15,[ 0.08627386  0.0010643  -0.12271725 -0.2260552 ],0,1.0,False
2,16,[ 0.08629514 -0.19210963 -0.12723835  0.02553822],0,1.0,False
2,17,[ 0.08245295  0.00458564 -0.12672758 -0.30442682],1,1.0,False
2,18,[ 0.08254466 -0.18852396 -0.13281612 -0.05424355],0,1.0,False
2,19,[ 0.07877418 -0.3815162  -0.13390099  0.193762  ],0,1.0,False
2,20,[ 0.07114386 -0.18475826 -0.13002574 -0.13798238],1,1.0,False
2,21,[ 0.06744869 -0.37780133 -0.1327854   0.11101795],0,1.0,False
2,22,[ 0.05989267 -0.1810513  -0.13056503 -0.2204334 ],1,1.0,False
2,23,[ 0.05627164 -0.3740887  -0.1349737   0.02838101],0,1.0,False
2,24,[ 0.04878987 -0.5670428  -0.13440609  0.27561787],0,1.0,False
2,25,[ 0.03744901 -0.37028486 -0.12889373 -0.05625377],1,1.0,False
2,26,[ 0.03004331 -0.56334573 -0.1300188   0.19314532],0,1.0,False
2,27,[ 0.0187764  -0.3666267  -0.1261559  -0.13756046],1,1.0,False
2,28,[ 0.01144386 -0.55973715 -0.12890711  0.11281169],0,1.0,False
2,29,[ 2.4912105e-04 -7.5279897e-01 -1.2665087e-01  3.6220783e-01],0,1.0,False
2,30,[-0.01480686 -0.5561258  -0.11940672  0.03242504],1,1.0,False
2,31,[-0.02592937 -0.749351   -0.11875822  0.28517684],0,1.0,False
2,32,[-0.04091639 -0.5527532  -0.11305468 -0.04247569],1,1.0,False
2,33,[-0.05197146 -0.74608773 -0.11390419  0.21250744],0,1.0,False
2,34,[-0.06689321 -0.9394125  -0.10965405  0.46719998],0,1.0,False
2,35,[-0.08568146 -0.742926   -0.10031004  0.14206666],1,1.0,False
2,36,[-0.10053998 -0.5465211  -0.09746871 -0.18050136],1,1.0,False
2,37,[-0.1114704  -0.74012303 -0.10107874  0.07991268],0,1.0,False
2,38,[-0.12627286 -0.93366164 -0.09948049  0.3390723 ],0,1.0,False
2,39,[-0.1449461  -0.7372753  -0.09269904  0.0167501 ],1,1.0,False
2,40,[-0.1596916  -0.930954   -0.09236404  0.27880633],0,1.0,False
2,41,[-0.17831068 -0.7346441  -0.08678791 -0.04151976],1,1.0,False
2,42,[-0.19300357 -0.92842126 -0.08761831  0.22256835],0,1.0,False
2,43,[-0.21157199 -0.73216337 -0.08316694 -0.09641608],1,1.0,False
2,44,[-0.22621526 -0.92600095 -0.08509526  0.16891243],0,1.0,False
2,45,[-0.24473527 -0.72977054 -0.08171701 -0.14935589],1,1.0,False
2,46,[-0.2593307  -0.92363304 -0.08470413  0.1164694 ],0,1.0,False
2,47,[-0.27780336 -0.727406   -0.08237474 -0.20168912],1,1.0,False
2,48,[-0.29235145 -0.92125916 -0.08640853  0.0639138 ],0,1.0,False
2,49,[-0.31077665 -1.1150428  -0.08513025  0.32813224],0,1.0,False
2,50,[-0.33307752 -0.91881853 -0.0785676   0.00986376],1,1.0,False
2,51,[-0.35145387 -0.72266287 -0.07837033 -0.3065372 ],1,1.0,False
2,52,[-0.36590713 -0.9165857  -0.08450107 -0.03956313],0,1.0,False
2,53,[-0.38423884 -1.1104007  -0.08529234  0.22530821],0,1.0,False
2,54,[-0.40644687 -0.9141698  -0.08078617 -0.09301358],1,1.0,False
2,55,[-0.42473027 -1.1080465  -0.08264644  0.17312768],0,1.0,False
2,56,[-0.4468912  -0.9118449  -0.07918389 -0.14444056],1,1.0,False
2,57,[-0.4651281 -1.1057489 -0.0820727  0.1222482],0,1.0,False
2,58,[-0.48724306 -0.9095528  -0.07962774 -0.19515753],1,1.0,False
2,59,[-0.5054341  -1.1034508  -0.08353089  0.07138203],0,1.0,False
2,60,[-0.52750313 -0.9072368  -0.08210324 -0.24644227],1,1.0,False
2,61,[-0.54564786 -1.101096   -0.08703209  0.01925575],0,1.0,False
2,62,[-0.5676698  -0.9048407  -0.08664697 -0.29956812],1,1.0,False
2,63,[-0.5857666  -1.0986276  -0.09263834 -0.0354206 ],0,1.0,False
2,64,[-0.60773915 -0.90230775 -0.09334675 -0.35583448],1,1.0,False
2,65,[-0.6257853  -1.0959871  -0.10046344 -0.09398436],0,1.0,False
2,66,[-0.6477051  -1.2895364  -0.10234313  0.16538903],0,1.0,False
2,67,[-0.67349577 -1.0931096  -0.09903535 -0.15774573],1,1.0,False
2,68,[-0.695358   -1.2866844  -0.10219026  0.10212493],0,1.0,False
2,69,[-0.7210917  -1.0902578  -0.10014776 -0.22096972],1,1.0,False
2,70,[-0.7428968  -1.2838162  -0.10456716  0.03851895],0,1.0,False
2,71,[-0.76857316 -1.0873623  -0.10379678 -0.2852391 ],1,1.0,False
2,72,[-0.7903204  -1.2808625  -0.10950156 -0.02701235],0,1.0,False
2,73,[-0.81593764 -1.4742576  -0.11004181  0.22921374],0,1.0,False
2,74,[-0.8454228  -1.2777493  -0.10545754 -0.09605297],1,1.0,False
2,75,[-0.87097776 -1.471214   -0.10737859  0.161585  ],0,1.0,False
2,76,[-0.90040207 -1.2747319  -0.10414689 -0.16294958],1,1.0,False
2,77,[-0.9258967  -1.4682207  -0.10740589  0.09514716],0,1.0,False
2,78,[-0.9552611  -1.6616523  -0.10550294  0.3521061 ],0,1.0,False
2,79,[-0.98849416 -1.4652007  -0.09846082  0.02810673],1,1.0,False
2,80,[-1.0177982  -1.6587828  -0.09789868  0.2881729 ],0,1.0,False
2,81,[-1.0509738  -1.462411   -0.09213523 -0.03371067],1,1.0,False
2,82,[-1.080222   -1.6560993  -0.09280944  0.2285399 ],0,1.0,False
2,83,[-1.1133441  -1.8497808  -0.08823864  0.4905651 ],0,1.0,False
2,84,[-1.1503396  -1.6535321  -0.07842734  0.17142886],1,1.0,False
2,85,[-1.1834103  -1.8474491  -0.07499877  0.43837616],0,1.0,False
2,86,[-1.2203593  -1.6513503  -0.06623124  0.12302571],1,1.0,False
2,87,[-1.2533863  -1.8454639  -0.06377073  0.3941    ],0,1.0,False
2,88,[-1.2902956  -1.6494977  -0.05588872  0.08201241],1,1.0,False
2,89,[-1.3232855  -1.4536209  -0.05424848 -0.22776665],1,1.0,False
2,90,[-1.352358   -1.6479274  -0.05880381  0.04732298],0,1.0,False
2,91,[-1.3853165  -1.842159   -0.05785735  0.32088846],0,1.0,False
2,92,[-1.4221597  -1.6462629  -0.05143958  0.01053538],1,1.0,False
2,93,[-1.4550849  -1.4504424  -0.05122887 -0.2979234 ],1,1.0,False
2,94,[-1.4840938  -1.644798   -0.05718734 -0.02182703],0,1.0,False
2,95,[-1.5169897  -1.4489046  -0.05762388 -0.33199078],1,1.0,False
2,96,[-1.5459678  -1.643161   -0.0642637  -0.05802185],0,1.0,False
2,97,[-1.5788311  -1.4471793  -0.06542414 -0.3702681 ],1,1.0,False
2,98,[-1.6077746  -1.6413137  -0.0728295  -0.09891051],0,1.0,False
2,99,[-1.6406009  -1.8353204  -0.07480771  0.16993514],0,1.0,False
2,100,[-1.6773072  -1.6392119  -0.071409   -0.14537793],1,1.0,False
2,101,[-1.7100916  -1.8332424  -0.07431656  0.1239497 ],0,1.0,False
2,102,[-1.7467564  -1.6371387  -0.07183757 -0.19122277],1,1.0,False
2,103,[-1.7794992  -1.8311634  -0.07566202  0.07796148],0,1.0,False
2,104,[-1.8161224 -1.6350429 -0.0741028 -0.237601 ],1,1.0,False
2,105,[-1.8488233  -1.8290323  -0.07885481  0.03081821],0,1.0,False
2,106,[-1.885404   -1.6328733  -0.07823845 -0.2856653 ],1,1.0,False
2,107,[-1.9180614  -1.8267972  -0.08395176 -0.01864776],0,1.0,False
2,108,[-1.9545974  -1.6305779  -0.08432471 -0.33659297],1,1.0,False
2,109,[-1.987209   -1.824405   -0.09105657 -0.07164758],0,1.0,False
2,110,[-2.023697   -1.6281036  -0.09248953 -0.39161348],1,1.0,False
2,111,[-2.0562592  -1.8217996  -0.10032179 -0.12946449],0,1.0,False
2,112,[-2.092695   -1.6253943  -0.10291108 -0.4520363 ],1,1.0,False
2,113,[-2.125203   -1.8189218  -0.11195181 -0.19348337],0,1.0,False
2,114,[-2.1615813  -2.012279   -0.11582147  0.06189179],0,1.0,False
2,115,[-2.201827   -1.8157034  -0.11458364 -0.2649716 ],1,1.0,False
2,116,[-2.238141   -2.0090194  -0.11988308 -0.01051316],0,1.0,False
2,117,[-2.2783215  -1.8124003  -0.12009334 -0.33848616],1,1.0,False
2,118,[-2.3145695  -2.005627   -0.12686306 -0.08595646],0,1.0,False
2,119,[-2.354682  -1.8089364 -0.1285822 -0.4158191],1,1.0,False
2,120,[-2.3908608  -2.0020237  -0.13689858 -0.16627797],0,1.0,False
2,121,[-2.4309013  -2.1949477  -0.14022413  0.0802777 ],0,1.0,True
3,0,[ 0.02938971  0.19473657  0.00951512 -0.2571929 ],1,1.0,False
3,1,[ 0.03328444  0.3897214   0.00437127 -0.5468595 ],1,1.0,False
3,2,[ 0.04107887  0.58478165 -0.00656592 -0.83816195],1,1.0,False
3,3,[ 0.0527745   0.38974997 -0.02332916 -0.5475511 ],0,1.0,False
3,4,[ 0.0605695   0.19496343 -0.03428018 -0.26230893],0,1.0,False
3,5,[ 0.06446877  0.3905575  -0.03952636 -0.5656041 ],1,1.0,False
3,6,[ 0.07227992  0.19601172 -0.05083844 -0.28563106],0,1.0,False
3,7,[ 0.07620016  0.39182046 -0.05655107 -0.5939048 ],1,1.0,False
3,8,[ 0.08403657  0.19753379 -0.06842916 -0.31955776],0,1.0,False
3,9,[ 0.08798724  0.39356017 -0.07482032 -0.6330117 ],1,1.0,False
3,10,[ 0.09585844  0.19955735 -0.08748055 -0.36479825],0,1.0,False
3,11,[ 0.09984959  0.0057805  -0.09477651 -0.10093095],0,1.0,False
3,12,[ 0.0999652   0.20212395 -0.09679513 -0.42194697],1,1.0,False
3,13,[ 0.10400768  0.00849707 -0.10523407 -0.16127956],0,1.0,False
3,14,[ 0.10417762  0.20495585 -0.10845967 -0.48521924],1,1.0,False
3,15,[ 0.10827674  0.01151818 -0.11816405 -0.22859237],0,1.0,False
3,16,[ 0.1085071  -0.18173434 -0.1227359   0.02460559],0,1.0,False
3,17,[ 0.10487241  0.01491445 -0.12224378 -0.30414248],1,1.0,False
3,18,[ 0.1051707  -0.17827258 -0.12832664 -0.05237463],0,1.0,False
3,19,[ 0.10160525 -0.37134326 -0.12937413  0.1972255 ],0,1.0,False
3,20,[ 0.09417839 -0.17463098 -0.12542962 -0.13330694],1,1.0,False
3,21,[ 0.09068577 -0.36775392 -0.12809576  0.11732202],0,1.0,False
3,22,[ 0.08333069 -0.1710515  -0.12574932 -0.21287145],1,1.0,False
3,23,[ 0.07990966 -0.36417225 -0.13000675  0.03764939],0,1.0,False
3,24,[ 0.07262621 -0.5572134  -0.12925376  0.28665316],0,1.0,False
3,25,[ 0.06148195 -0.36050785 -0.12352069 -0.04383886],1,1.0,False
3,26,[ 0.05427179 -0.55366194 -0.12439747  0.20746209],0,1.0,False
3,27,[ 0.04319855 -0.35700107 -0.12024823 -0.12172836],1,1.0,False
3,28,[ 0.03605853 -0.55021334 -0.12268279  0.1307294 ],0,1.0,False
3,29,[ 0.02505426 -0.7433838  -0.12006821  0.38232896],0,1.0,False
3,30,[ 0.01018658 -0.5467799  -0.11242163  0.05433095],1,1.0,False
3,31,[-0.00074901 -0.74012536 -0.11133501  0.309536  ],0,1.0,False
3,32,[-0.01555152 -0.5436078  -0.10514429 -0.01608025],1,1.0,False
3,33,[-0.02642368 -0.737077   -0.1054659   0.24166541],0,1.0,False
3,34,[-0.04116522 -0.540619   -0.10063259 -0.08233371],1,1.0,False
3,35,[-0.0519776  -0.7341652  -0.10227926  0.17698072],0,1.0,False
3,36,[-0.0666609  -0.5377396  -0.09873965 -0.14613566],1,1.0,False
3,37,[-0.07741569 -0.731319   -0.10166236  0.11383691],0,1.0,False
3,38,[-0.09204207 -0.92484844 -0.09938562  0.37279493],0,1.0,False
3,39,[-0.11053904 -0.72846544 -0.09192972  0.05050277],1,1.0,False
3,40,[-0.12510835 -0.9221572  -0.09091967  0.3128243 ],0,1.0,False
3,41,[-0.1435515  -0.7258656  -0.08466318 -0.00709058],1,1.0,False
3,42,[-0.1580688  -0.91967773 -0.08480499  0.2577251 ],0,1.0,False
3,43,[-0.17646237 -0.7234539  -0.07965049 -0.06045569],1,1.0,False
3,44,[-0.19093144 -0.9173488  -0.0808596   0.20607212],0,1.0,False
3,45,[-0.20927842 -0.72116923 -0.07673816 -0.11098254],1,1.0,False
3,46,[-0.2237018  -0.9151125  -0.07895781  0.15653731],0,1.0,False
3,47,[-0.24200405 -0.7189541  -0.07582707 -0.15997313],1,1.0,False
3,48,[-0.25638312 -0.91291314 -0.07902653  0.1078577 ],0,1.0,False
3,49,[-0.2746414  -0.7167529  -0.07686938 -0.20867398],1,1.0,False
3,50,[-0.28897646 -0.9106963  -0.08104286  0.05880477],0,1.0,False
3,51,[-0.3071904  -0.7145116  -0.07986676 -0.25830707],1,1.0,False
3,52,[-0.3214806  -0.90840787 -0.0850329   0.00815438],0,1.0,False
3,53,[-0.33964875 -1.1022139  -0.08486981  0.2728435 ],0,1.0,False
3,54,[-0.36169305 -0.90598994 -0.07941294 -0.04535478],1,1.0,False
3,55,[-0.37981284 -1.0998887  -0.08032004  0.22125378],0,1.0,False
3,56,[-0.40181062 -0.90371597 -0.07589496 -0.09564526],1,1.0,False
3,57,[-0.41988495 -1.0976727  -0.07780787  0.17216069],0,1.0,False
3,58,[-0.44183838 -0.90152836 -0.07436465 -0.14401816],1,1.0,False
3,59,[-0.45986897 -1.095511   -0.07724502  0.12430839],0,1.0,False
3,60,[-0.4817792  -0.89937216 -0.07475885 -0.19170985],1,1.0,False
3,61,[-0.49976662 -1.0933495  -0.07859305  0.07648474],0,1.0,False
3,62,[-0.5216336  -0.89719397 -0.07706335 -0.23992288],1,1.0,False
3,63,[-0.5395775  -1.0911353  -0.08186181  0.02749151],0,1.0,False
3,64,[-0.5614002  -0.8949406  -0.08131198 -0.28985548],1,1.0,False
3,65,[-0.57929903 -1.0888146  -0.08710909 -0.02388468],0,1.0,False
3,66,[-0.6010753  -0.89255846 -0.08758678 -0.34273046],1,1.0,False
3,67,[-0.61892647 -1.0863322  -0.09444139 -0.07890157],0,1.0,False
3,68,[-0.64065313 -1.2799823  -0.09601942  0.18255468],0,1.0,False
3,69,[-0.66625273 -1.083627   -0.09236833 -0.13880804],1,1.0,False
3,70,[-0.6879253  -1.2773129  -0.09514449  0.12336467],0,1.0,False
3,71,[-0.71347153 -1.0809658  -0.0926772  -0.19775431],1,1.0,False
3,72,[-0.73509085 -1.2746483  -0.09663229  0.06431468],0,1.0,False
3,73,[-0.7605838  -1.0782833  -0.09534599 -0.25722444],1,1.0,False
3,74,[-0.7821495  -1.2719238  -0.10049048  0.00392784],0,1.0,False
3,75,[-0.807588   -1.4654717  -0.10041192  0.26329055],0,1.0,False
3,76,[-0.83689743 -1.2690706  -0.09514611 -0.05929877],1,1.0,False
3,77,[-0.8622788  -1.4627087  -0.09633209  0.20191386],0,1.0,False
3,78,[-0.891533   -1.2663504  -0.09229381 -0.11953574],1,1.0,False
3,79,[-0.91686    -1.4600372  -0.09468453  0.14266197],0,1.0,False
3,80,[-0.9460608  -1.2636957  -0.09183128 -0.17832673],1,1.0,False
3,81,[-0.97133464 -1.4573917  -0.09539782  0.0840326 ],0,1.0,False
3,82,[-1.0004824  -1.6510259  -0.09371717  0.34515882],0,1.0,False
3,83,[-1.033503   -1.4547044  -0.08681399  0.02445634],1,1.0,False
3,84,[-1.0625972  -1.648481   -0.08632486  0.28853536],0,1.0,False
3,85,[-1.0955667  -1.452241   -0.08055416 -0.03007668],1,1.0,False
3,86,[-1.1246115  -1.6461209  -0.08115569  0.23614278],0,1.0,False
3,87,[-1.157534   -1.4499389  -0.07643283 -0.08099525],1,1.0,False
3,88,[-1.1865327  -1.6438867  -0.07805274  0.18662772],0,1.0,False
3,89,[-1.2194104  -1.8378102  -0.07432018  0.4537031 ],0,1.0,False
3,90,[-1.2561667  -1.6417203  -0.06524612  0.13855022],1,1.0,False
3,91,[-1.2890011  -1.4457275  -0.06247512 -0.17398225],1,1.0,False
3,92,[-1.3179157  -1.6399022  -0.06595477  0.09835591],0,1.0,False
3,93,[-1.3507137  -1.4439     -0.06398764 -0.21438478],1,1.0,False
3,94,[-1.3795917  -1.6380516  -0.06827534  0.05744703],0,1.0,False
3,95,[-1.4123527  -1.8321315  -0.0671264   0.32783133],0,1.0,False
3,96,[-1.4489954  -1.6361213  -0.06056977  0.01475785],1,1.0,False
3,97,[-1.4817177  -1.4401854  -0.06027462 -0.29640374],1,1.0,False
3,98,[-1.5105214  -1.6343986  -0.06620269 -0.02332294],0,1.0,False
3,99,[-1.5432094  -1.4383928  -0.06666915 -0.336137  ],1,1.0,False
3,100,[-1.5719773  -1.6325058  -0.07339189 -0.06520063],0,1.0,False
3,101,[-1.6046274  -1.4364125  -0.0746959  -0.38010657],1,1.0,False
3,102,[-1.6333556  -1.6303986  -0.08229803 -0.1118789 ],0,1.0,False
3,103,[-1.6659636  -1.8242508  -0.08453561  0.15374684],0,1.0,False
3,104,[-1.7024486  -1.6280265  -0.08146068 -0.16436231],1,1.0,False
3,105,[-1.7350092  -1.8218936  -0.08474792  0.10155101],0,1.0,False
3,106,[-1.7714471  -1.6256658  -0.0827169  -0.21662042],1,1.0,False
3,107,[-1.8039603  -1.8195138  -0.08704931  0.0488664 ],0,1.0,False
3,108,[-1.8403506  -1.6232585  -0.08607198 -0.26996213],1,1.0,False
3,109,[-1.8728158  -1.8170534  -0.09147123 -0.00561973],0,1.0,False
3,110,[-1.9091569  -1.6207469  -0.09158362 -0.3257037 ],1,1.0,False
3,111,[-1.9415718  -1.8144536  -0.09809769 -0.06324923],0,1.0,False
3,112,[-1.9778609  -1.618072   -0.09936268 -0.38519987],1,1.0,False
3,113,[-2.0102224  -1.8116533  -0.10706668 -0.12542477],0,1.0,False
3,114,[-2.0464554  -1.6151733  -0.10957517 -0.44987455],1,1.0,False
3,115,[-2.078759   -1.8085887  -0.11857266 -0.19364211],0,1.0,False
3,116,[-2.1149306  -2.0018325  -0.1224455   0.05940956],0,1.0,False
3,117,[-2.1549673  -1.8051871  -0.12125731 -0.2692592 ],1,1.0,False
3,118,[-2.191071   -1.9983888  -0.1266425  -0.01714701],0,1.0,False
3,119,[-2.2310388  -1.8016995  -0.12698543 -0.3469515 ],1,1.0,False
3,120,[-2.2670727  -1.9948081  -0.13392447 -0.09685445],0,1.0,False
3,121,[-2.306969   -1.7980462  -0.13586156 -0.42861056],1,1.0,False
3,122,[-2.3429298  -1.9910089  -0.14443377 -0.18165433],0,1.0,False
3,123,[-2.38275    -2.1838005  -0.14806685  0.06220593],0,1.0,False
3,124,[-2.4264262  -1.9869001  -0.14682274 -0.27328578],1,1.0,True
4,0,[-0.03985885  0.21470256 -0.038006   -0.28972983],1,1.0,False
4,1,[-0.0355648   0.41034526 -0.04380059 -0.59415305],1,1.0,False
4,2,[-0.02735789  0.21586289 -0.05568365 -0.3155825 ],0,1.0,False
4,3,[-0.02304063  0.41173196 -0.06199531 -0.6252933 ],1,1.0,False
4,4,[-0.01480599  0.21752776 -0.07450117 -0.35276157],0,1.0,False
4,5,[-0.01045544  0.4136257  -0.0815564  -0.6679756 ],1,1.0,False
4,6,[-0.00218293  0.21972689 -0.09491591 -0.40204516],0,1.0,False
4,7,[ 0.00221161  0.41605794 -0.10295682 -0.72307956],1,1.0,False
4,8,[ 0.01053277  0.2224993  -0.11741841 -0.4644949 ],0,1.0,False
4,9,[ 0.01498276  0.02921529 -0.12670831 -0.21100697],0,1.0,False
4,10,[ 0.01556706  0.22589973 -0.13092844 -0.5408211 ],1,1.0,False
4,11,[ 0.02008506  0.03283762 -0.14174487 -0.2920896 ],0,1.0,False
4,12,[ 0.02074181 -0.16000876 -0.14758666 -0.04725471],0,1.0,False
4,13,[ 0.01754163 -0.35274008 -0.14853175  0.19546631],0,1.0,False
4,14,[ 0.01048683 -0.15584019 -0.14462243 -0.14013949],1,1.0,False
4,15,[ 0.00737003 -0.3486266  -0.14742522  0.10365029],0,1.0,False
4,16,[ 0.0003975  -0.15173328 -0.14535221 -0.23167223],1,1.0,False
4,17,[-0.00263717 -0.34451157 -0.14998566  0.01186269],0,1.0,False
4,18,[-0.0095274  -0.53719985 -0.1497484   0.25371954],0,1.0,False
4,19,[-0.0202714  -0.34029227 -0.14467402 -0.08219795],1,1.0,False
4,20,[-0.02707724 -0.533076   -0.14631797  0.16157064],0,1.0,False
4,21,[-0.03773876 -0.72583324 -0.14308655  0.40475285],0,1.0,False
4,22,[-0.05225543 -0.5290028  -0.1349915   0.07060033],1,1.0,False
4,23,[-0.06283548 -0.72195715 -0.1335795   0.31783167],0,1.0,False
4,24,[-0.07727463 -0.5252106  -0.12722287 -0.01381469],1,1.0,False
4,25,[-0.08777884 -0.7183002  -0.12749915  0.2361762 ],0,1.0,False
4,26,[-0.10214484 -0.5216091  -0.12277563 -0.09384894],1,1.0,False
4,27,[-0.11257703 -0.714777   -0.12465261  0.15771636],0,1.0,False
4,28,[-0.12687257 -0.9079143  -0.12149828  0.4086214 ],0,1.0,False
4,29,[-0.14503086 -0.711298   -0.11332586  0.08023848],1,1.0,False
4,30,[-0.15925682 -0.9046284  -0.11172108  0.33512735],0,1.0,False
4,31,[-0.17734937 -0.7081084  -0.10501854  0.00940746],1,1.0,False
4,32,[-0.19151154 -0.9015798  -0.10483039  0.26719686],0,1.0,False
4,33,[-0.20954314 -0.7051301  -0.09948646 -0.05662373],1,1.0,False
4,34,[-0.22364575 -0.89869523 -0.10061893  0.20308752],0,1.0,False
4,35,[-0.24161965 -0.70228904 -0.09655718 -0.11956377],1,1.0,False
4,36,[-0.25566542 -0.8959045  -0.09894845  0.14116287],0,1.0,False
4,37,[-0.27358353 -0.69951487 -0.09612519 -0.18102401],1,1.0,False
4,38,[-0.2875738  -0.89313924 -0.09974568  0.0798545 ],0,1.0,False
4,39,[-0.3054366  -1.0867003  -0.09814858  0.33947638],0,1.0,False
4,40,[-0.3271706  -0.8903288  -0.09135906  0.01752733],1,1.0,False
4,41,[-0.34497717 -1.0840299  -0.09100851  0.280045  ],0,1.0,False
4,42,[-0.3666578  -0.88773555 -0.08540761 -0.03989759],1,1.0,False
4,43,[-0.3844125  -1.0815355  -0.08620556  0.22466344],0,1.0,False
4,44,[-0.4060432  -0.885294   -0.08171229 -0.09391873],1,1.0,False
4,45,[-0.4237491  -1.0791556  -0.08359066  0.17190656],0,1.0,False
4,46,[-0.4453322  -0.88294286 -0.08015253 -0.14593187],1,1.0,False
4,47,[-0.46299106 -1.0768309  -0.08307117  0.12042692],0,1.0,False
4,48,[-0.48452768 -0.8806231  -0.08066264 -0.19726475],1,1.0,False
4,49,[-0.5021401  -1.0745041  -0.08460793  0.0689222 ],0,1.0,False
4,50,[-0.5236302  -0.87827754 -0.08322949 -0.24920994],1,1.0,False
4,51,[-0.54119575 -1.0721184  -0.08821368  0.01610359],0,1.0,False
4,52,[-0.56263816 -0.87584937 -0.08789162 -0.30305642],1,1.0,False
4,53,[-0.58015513 -1.069616   -0.09395274 -0.03933536],0,1.0,False
4,54,[-0.6015474  -0.87328106 -0.09473945 -0.3601203 ],1,1.0,False
4,55,[-0.6190131  -1.0669376  -0.10194185 -0.09874992],0,1.0,False
4,56,[-0.64035183 -1.2604619  -0.10391685  0.1601106 ],0,1.0,False
4,57,[-0.6655611  -1.0640177  -0.10071464 -0.16346289],1,1.0,False
4,58,[-0.6868414  -1.2575644  -0.1039839   0.09582599],0,1.0,False
4,59,[-0.7119927  -1.0611176  -0.10206738 -0.22776863],1,1.0,False
4,60,[-0.73321503 -1.2546442  -0.10662276  0.03105454],0,1.0,False
4,61,[-0.75830793 -1.4480883  -0.10600166  0.2882853 ],0,1.0,False
4,62,[-0.7872697  -1.251627   -0.10023595 -0.03585876],1,1.0,False
4,63,[-0.81230223 -1.4451793  -0.10095313  0.22359242],0,1.0,False
4,64,[-0.84120584 -1.2487702  -0.09648128 -0.099151  ],1,1.0,False
4,65,[-0.86618125 -1.4423866  -0.0984643   0.16160126],0,1.0,False
4,66,[-0.89502895 -1.246003   -0.09523228 -0.16044906],1,1.0,False
4,67,[-0.919949   -1.4396417  -0.09844126  0.1007369 ],0,1.0,False
4,68,[-0.94874185 -1.2432568  -0.09642652 -0.22130923],1,1.0,False
4,69,[-0.973607   -1.4368777  -0.10085271  0.03946744],0,1.0,False
4,70,[-1.0023445  -1.6304197  -0.10006335  0.29870474],0,1.0,False
4,71,[-1.034953   -1.4340243  -0.09408926 -0.02378422],1,1.0,False
4,72,[-1.0636334  -1.6276798  -0.09456494  0.23779275],0,1.0,False
4,73,[-1.096187   -1.8213326  -0.08980909  0.49921328],0,1.0,False
4,74,[-1.1326137  -1.6250669  -0.07982483  0.17963278],1,1.0,False
4,75,[-1.165115   -1.8189611  -0.07623217  0.44610453],0,1.0,False
4,76,[-1.2014942  -1.6228482  -0.06731008  0.13039884],1,1.0,False
4,77,[-1.2339512  -1.8169446  -0.0647021   0.40110993],0,1.0,False
4,78,[-1.2702901  -1.6209674  -0.0566799   0.08875011],1,1.0,False
4,79,[-1.3027095  -1.4250808  -0.0549049  -0.22126299],1,1.0,False
4,80,[-1.3312111  -1.6193767  -0.05933016  0.05360779],0,1.0,False
4,81,[-1.3635986  -1.4234564  -0.058258   -0.25718835],1,1.0,False
4,82,[-1.3920677  -1.6177003  -0.06340177  0.01656503],0,1.0,False
4,83,[-1.4244217  -1.8118584  -0.06307048  0.2885894 ],0,1.0,False
4,84,[-1.4606589  -1.6158963  -0.05729869 -0.0232996 ],1,1.0,False
4,85,[-1.4929768  -1.4200015  -0.05776468 -0.33349624],1,1.0,False
4,86,[-1.5213768  -1.6142558  -0.0644346  -0.05957425],0,1.0,False
4,87,[-1.553662   -1.418272   -0.06562608 -0.37187058],1,1.0,False
4,88,[-1.5820274  -1.6124032  -0.0730635  -0.10058077],0,1.0,False
4,89,[-1.6142755  -1.8064061  -0.07507511  0.16818565],0,1.0,False
4,90,[-1.6504036  -1.6102943  -0.0717114  -0.14720479],1,1.0,False
4,91,[-1.6826094 -1.80432   -0.0746555  0.1220206],0,1.0,False
4,92,[-1.7186959  -1.6082122  -0.07221509 -0.19324997],1,1.0,False
4,93,[-1.7508601  -1.8022308  -0.07608008  0.07580662],0,1.0,False
4,94,[-1.7869047  -1.6061053  -0.07456395 -0.23987663],1,1.0,False
4,95,[-1.8190268  -1.8000873  -0.07936148  0.02838633],0,1.0,False
4,96,[-1.8550286  -1.6039222  -0.07879376 -0.28824294],1,1.0,False
4,97,[-1.887107   -1.7978373  -0.08455861 -0.02141418],0,1.0,False
4,98,[-1.9230638  -1.6016109  -0.0849869  -0.33953276],1,1.0,False
4,99,[-1.955096   -1.7954272  -0.09177756 -0.07481363],0,1.0,False
4,100,[-1.9910046  -1.5991176  -0.09327383 -0.39498356],1,1.0,False
4,101,[-2.022987  -1.7928008 -0.1011735 -0.1331043],0,1.0,False
4,102,[-2.058843   -1.5963862  -0.10383558 -0.45591402],1,1.0,False
4,103,[-2.0907707  -1.7898985  -0.11295386 -0.1976817 ],0,1.0,False
4,104,[-2.1265686  -1.9832388  -0.1169075   0.05734286],0,1.0,False
4,105,[-2.1662333  -1.7866516  -0.11576064 -0.26981777],1,1.0,False
4,106,[-2.2019665  -1.9799477  -0.121157   -0.01577185],0,1.0,False
4,107,[-2.2415655  -1.7833153  -0.12147243 -0.34409136],1,1.0,False
4,108,[-2.2772317  -1.9765186  -0.12835427 -0.09204692],0,1.0,False
4,109,[-2.316762   -1.7798129  -0.1301952  -0.42231092],1,1.0,False
4,110,[-2.3523583  -1.9728732  -0.13864142 -0.17334077],0,1.0,False
4,111,[-2.3918157  -2.1657667  -0.14210823  0.07259304],0,1.0,False
4,112,[-2.435131   -1.9689237  -0.14065637 -0.26133445],1,1.0,True
5,0,[ 0.03173022  0.2249979   0.04585359 -0.2370547 ],1,1.0,False
5,1,[ 0.03623017  0.4194358   0.0411125  -0.51492876],1,1.0,False
5,2,[ 0.04461889  0.6139554   0.03081392 -0.7943779 ],1,1.0,False
5,3,[ 0.056898    0.41842434  0.01492637 -0.49216273],0,1.0,False
5,4,[ 0.06526648  0.6133326   0.00508311 -0.78010434],1,1.0,False
5,5,[ 0.07753313  0.41814113 -0.01051898 -0.48582652],0,1.0,False
5,6,[ 0.08589596  0.61340994 -0.02023551 -0.78180605],1,1.0,False
5,7,[ 0.09816416  0.4185719  -0.03587163 -0.49555764],0,1.0,False
5,8,[ 0.1065356   0.22397366 -0.04578278 -0.21439208],0,1.0,False
5,9,[ 0.11101507  0.41971925 -0.05007062 -0.5211582 ],1,1.0,False
5,10,[ 0.11940946  0.22533654 -0.06049379 -0.24466419],0,1.0,False
5,11,[ 0.12391619  0.42126802 -0.06538707 -0.5557981 ],1,1.0,False
5,12,[ 0.13234155  0.2271221  -0.07650303 -0.2844117 ],0,1.0,False
5,13,[ 0.13688399  0.42324707 -0.08219127 -0.60020864],1,1.0,False
5,14,[ 0.14534892  0.22936533 -0.09419544 -0.3345048 ],0,1.0,False
5,15,[ 0.14993623  0.0357014  -0.10088553 -0.07294925],0,1.0,False
5,16,[ 0.15065026  0.23211409 -0.10234452 -0.3956803 ],1,1.0,False
5,17,[ 0.15529254  0.03858189 -0.11025812 -0.13693783],0,1.0,False
5,18,[ 0.15606418  0.23509622 -0.11299688 -0.46226963],1,1.0,False
5,19,[ 0.16076611  0.04173741 -0.12224227 -0.20723154],0,1.0,False
5,20,[ 0.16160086 -0.15144375 -0.12638691  0.04452806],0,1.0,False
5,21,[ 0.15857197 -0.3445481  -0.12549634  0.29481533],0,1.0,False
5,22,[ 0.15168102 -0.14788125 -0.11960004 -0.03466411],1,1.0,False
5,23,[ 0.1487234  -0.34110314 -0.12029332  0.21801963],0,1.0,False
5,24,[ 0.14190133 -0.14448535 -0.11593293 -0.11005676],1,1.0,False
5,25,[ 0.13901162 -0.33777165 -0.11813406  0.14391848],0,1.0,False
5,26,[ 0.1322562  -0.1411734  -0.11525569 -0.18357421],1,1.0,False
5,27,[ 0.12943272 -0.33447373 -0.11892718  0.07064239],0,1.0,False
5,28,[ 0.12274325 -0.13786533 -0.11751433 -0.25706935],1,1.0,False
5,29,[ 0.11998594 -0.3311306  -0.12265572 -0.00364057],0,1.0,False
5,30,[ 0.11336333 -0.5242995  -0.12272853  0.2479655 ],0,1.0,False
5,31,[ 0.10287734 -0.32765803 -0.11776922 -0.08076975],1,1.0,False
5,32,[ 0.09632418 -0.5209121  -0.11938461  0.17255925],0,1.0,False
5,33,[ 0.08590593 -0.32430175 -0.11593343 -0.15527287],1,1.0,False
5,34,[ 0.0794199  -0.5175894  -0.11903889  0.09870422],0,1.0,False
5,35,[ 0.06906811 -0.710822   -0.1170648   0.35158703],0,1.0,False
5,36,[ 0.05485167 -0.5142467  -0.11003306  0.02440381],1,1.0,False
5,37,[ 0.04456674 -0.7076328  -0.10954498  0.28044415],0,1.0,False
5,38,[ 0.03041408 -0.5111326  -0.1039361  -0.04468127],1,1.0,False
5,39,[ 0.02019143 -0.70462245 -0.10482973  0.21348506],0,1.0,False
5,40,[ 0.00609898 -0.5081701  -0.10056002 -0.11033928],1,1.0,False
5,41,[-0.00406442 -0.70171803 -0.10276681  0.1490011 ],0,1.0,False
5,42,[-0.01809878 -0.89522976 -0.09978679  0.40757695],0,1.0,False
5,43,[-0.03600338 -0.69884497 -0.09163525  0.08517648],1,1.0,False
5,44,[-0.04998028 -0.892542   -0.08993172  0.3476    ],0,1.0,False
5,45,[-0.06783111 -0.6962637  -0.08297972  0.027968  ],1,1.0,False
5,46,[-0.08175639 -0.50005585 -0.08242036 -0.28969917],1,1.0,False
5,47,[-0.09175751 -0.69391173 -0.08821435 -0.02410662],0,1.0,False
5,48,[-0.10563574 -0.8876651  -0.08869647  0.239492  ],0,1.0,False
5,49,[-0.12338904 -0.6913954  -0.08390664 -0.07979782],1,1.0,False
5,50,[-0.13721696 -0.8852206  -0.08550259  0.18527745],0,1.0,False
5,51,[-0.15492137 -0.68898594 -0.08179704 -0.13310635],1,1.0,False
5,52,[-0.16870108 -0.8828467  -0.08445917  0.13269107],0,1.0,False
5,53,[-0.18635802 -0.6866229  -0.08180535 -0.185397  ],1,1.0,False
5,54,[-0.20009047 -0.8804849  -0.08551329  0.08039957],0,1.0,False
5,55,[-0.21770017 -1.0742835  -0.08390529  0.34492502],0,1.0,False
5,56,[-0.23918584 -0.87807447 -0.07700679  0.02700757],1,1.0,False
5,57,[-0.25674734 -1.0720124  -0.07646664  0.29443482],0,1.0,False
5,58,[-0.27818757 -0.8758883  -0.07057795 -0.021351  ],1,1.0,False
5,59,[-0.29570535 -0.6798289  -0.07100497 -0.33544064],1,1.0,False
5,60,[-0.3093019  -0.8738723  -0.07771378 -0.06596693],0,1.0,False
5,61,[-0.32677937 -1.067799   -0.07903312  0.2012203 ],0,1.0,False
5,62,[-0.34813535 -0.87164086 -0.07500871 -0.11530994],1,1.0,False
5,63,[-0.36556816 -1.0656124  -0.07731491  0.15279731],0,1.0,False
5,64,[-0.38688043 -0.86947346 -0.07425897 -0.1632402 ],1,1.0,False
5,65,[-0.40426987 -1.0634581  -0.07752377  0.10512284],0,1.0,False
5,66,[-0.42553905 -0.8673157  -0.07542131 -0.21097626],1,1.0,False
5,67,[-0.44288537 -1.0612828  -0.07964084  0.0569944 ],0,1.0,False
5,68,[-0.46411103 -0.8651146  -0.07850095 -0.25971487],1,1.0,False
5,69,[-0.4814133  -1.0590333  -0.08369525  0.00721174],0,1.0,False
5,70,[-0.502594   -0.86281693 -0.08355101 -0.31066018],1,1.0,False
5,71,[-0.5198503  -1.0566553  -0.08976422 -0.04545235],0,1.0,False
5,72,[-0.54098344 -0.8603685  -0.09067327 -0.3650524 ],1,1.0,False
5,73,[-0.55819076 -1.0540928  -0.09797432 -0.10228121],0,1.0,False
5,74,[-0.5792726  -1.247684   -0.10001994  0.15795475],0,1.0,False
5,75,[-0.60422635 -1.0512829  -0.09686084 -0.16453141],1,1.0,False
5,76,[-0.625252   -1.2448945  -0.10015147  0.09609205],0,1.0,False
5,77,[-0.6501499  -1.0484903  -0.09822963 -0.2264332 ],1,1.0,False
5,78,[-0.6711197  -1.2420813  -0.1027583   0.03372021],0,1.0,False
5,79,[-0.6959613  -1.0456473  -0.10208389 -0.28953424],1,1.0,False
5,80,[-0.71687424 -1.2391766  -0.10787457 -0.03071206],0,1.0,False
5,81,[-0.7416578  -1.4325995  -0.10848881  0.22608212],0,1.0,False
5,82,[-0.77030975 -1.2361078  -0.10396717 -0.09875581],1,1.0,False
5,83,[-0.7950319  -1.429598   -0.10594229  0.1594009 ],0,1.0,False
5,84,[-0.8236239  -1.2331313  -0.10275427 -0.16473554],1,1.0,False
5,85,[-0.8482865  -1.4266437  -0.10604898  0.09384538],0,1.0,False
5,86,[-0.8768194  -1.2301743  -0.10417207 -0.23032323],1,1.0,False
5,87,[-0.90142286 -1.4236653  -0.10877854  0.02776876],0,1.0,False
5,88,[-0.9298962  -1.6170728  -0.10822316  0.2842474 ],0,1.0,False
5,89,[-0.96223766 -1.4205871  -0.10253821 -0.0405124 ],1,1.0,False
5,90,[-0.9906494  -1.6141006  -0.10334846  0.21813978],0,1.0,False
5,91,[-1.0229313  -1.4176648  -0.09898566 -0.10527216],1,1.0,False
5,92,[-1.0512847  -1.6112391  -0.10109111  0.15461373],0,1.0,False
5,93,[-1.0835094  -1.8047793  -0.09799884  0.41377163],0,1.0,False
5,94,[-1.1196051  -1.6084148  -0.0897234   0.09187251],1,1.0,False
5,95,[-1.1517733  -1.8021437  -0.08788595  0.35495383],0,1.0,False
5,96,[-1.1878163  -1.6058892  -0.08078688  0.03590307],1,1.0,False
5,97,[-1.219934   -1.7997653  -0.08006881  0.30204323],0,1.0,False
5,98,[-1.2559294  -1.603599   -0.07402795 -0.01477876],1,1.0,False
5,99,[-1.2880013  -1.7975855  -0.07432353  0.25365975],0,1.0,False
5,100,[-1.323953   -1.6014854  -0.06925033 -0.06150943],1,1.0,False
5,101,[-1.3559827  -1.7955495  -0.07048052  0.20854588],0,1.0,False
5,102,[-1.3918937  -1.5994943  -0.0663096  -0.10551102],1,1.0,False
5,103,[-1.4238836  -1.7936064  -0.06841982  0.16553654],0,1.0,False
5,104,[-1.4597557  -1.5975752  -0.06510909 -0.14792211],1,1.0,False
5,105,[-1.4917072  -1.7917073  -0.06806754  0.12353046],0,1.0,False
5,106,[-1.5275414  -1.5956795  -0.06559692 -0.18982667],1,1.0,False
5,107,[-1.5594549  -1.7898046  -0.06939346  0.08146314],0,1.0,False
5,108,[-1.5952511  -1.5937601  -0.06776419 -0.23228124],1,1.0,False
5,109,[-1.6271262  -1.7878516  -0.07240982  0.03828044],0,1.0,False
5,110,[-1.6628833  -1.59177    -0.07164421 -0.2763411 ],1,1.0,False
5,111,[-1.6947187  -1.7858006  -0.07717104 -0.00708727],0,1.0,False
5,112,[-1.7304347  -1.5896616  -0.07731277 -0.32308593],1,1.0,False
5,113,[-1.7622279  -1.7836024  -0.0837745  -0.05575104],0,1.0,False
5,114,[-1.7979     -1.5873854  -0.08488952 -0.37364525],1,1.0,False
5,115,[-1.8296477  -1.7812053  -0.09236242 -0.10888978],0,1.0,False
5,116,[-1.8652718  -1.9748907  -0.09454022  0.15328397],0,1.0,False
5,117,[-1.9047695  -1.7785511  -0.09147454 -0.16766362],1,1.0,False
5,118,[-1.9403406  -1.9722527  -0.09482781  0.09481802],0,1.0,False
5,119,[-1.9797857  -1.7759086  -0.09293145 -0.22621262],1,1.0,False
5,120,[-2.0153039 -1.969588  -0.0974557  0.0357704],0,1.0,False
5,121,[-2.0546956  -1.7732134  -0.0967403  -0.28600046],1,1.0,False
5,122,[-2.09016    -1.9668322  -0.1024603  -0.02532763],0,1.0,False
5,123,[-2.1294966  -1.7704015  -0.10296686 -0.34849906],1,1.0,False
5,124,[-2.1649046  -1.9639198  -0.10993684 -0.08997789],0,1.0,False
5,125,[-2.2041829  -1.7674078  -0.11173639 -0.41522273],1,1.0,False
5,126,[-2.239531   -1.9607834  -0.12004085 -0.15975031],0,1.0,False
5,127,[-2.2787468  -1.7641656  -0.12323586 -0.48776186],1,1.0,False
5,128,[-2.3140302  -1.957353   -0.13299109 -0.2363182 ],0,1.0,False
5,129,[-2.353177   -2.150349   -0.13771746  0.01163525],0,1.0,False
5,130,[-2.3961842  -1.9535483  -0.13748476 -0.32113194],1,1.0,False
5,131,[-2.435255  -2.146472  -0.1439074 -0.0747705],0,1.0,True
6,0,[ 0.02427493  0.17976275  0.03057244 -0.23405662],1,1.0,False
6,1,[ 0.02787018  0.37443486  0.0258913  -0.5169414 ],1,1.0,False
6,2,[ 0.03535888  0.5691829   0.01555248 -0.8013543 ],1,1.0,False
6,3,[ 4.674254e-02  3.738511e-01 -4.746105e-04 -5.038199e-01],0,1.0,False
6,4,[ 0.05421956  0.56897974 -0.01055101 -0.7966523 ],1,1.0,False
6,5,[ 0.06559916  0.37400413 -0.02648405 -0.5073072 ],0,1.0,False
6,6,[ 0.07307924  0.56948906 -0.0366302  -0.8082171 ],1,1.0,False
6,7,[ 0.08446902  0.3748877  -0.05279454 -0.52727777],0,1.0,False
6,8,[ 0.09196677  0.18054679 -0.0633401  -0.25168696],0,1.0,False
6,9,[ 0.09557771  0.37651336 -0.06837384 -0.56365687],1,1.0,False
6,10,[ 0.10310797  0.18241404 -0.07964697 -0.29327443],0,1.0,False
6,11,[ 0.10675626  0.3785759  -0.08551246 -0.6099759 ],1,1.0,False
6,12,[ 0.11432777  0.18474679 -0.09771197 -0.34540462],0,1.0,False
6,13,[ 0.11802271 -0.00885926 -0.10462007 -0.08506244],0,1.0,False
6,14,[ 0.11784553  0.18759467 -0.10632132 -0.40883434],1,1.0,False
6,15,[ 0.12159742 -0.00587183 -0.114498   -0.1514729 ],0,1.0,False
6,16,[ 0.12147998  0.1906876  -0.11752746 -0.4779704 ],1,1.0,False
6,17,[ 0.12529373 -0.002596   -0.12708686 -0.22451861],0,1.0,False
6,18,[ 0.12524182 -0.19569416 -0.13157724  0.02552967],0,1.0,False
6,19,[ 0.12132793 -0.3887078  -0.13106665  0.27397537],0,1.0,False
6,20,[ 0.11355378 -0.19198304 -0.12558714 -0.05700417],1,1.0,False
6,21,[ 0.10971411 -0.38510147 -0.12672722  0.19356641],0,1.0,False
6,22,[ 0.10201208 -0.18841596 -0.12285589 -0.13625412],1,1.0,False
6,23,[ 0.09824377 -0.3815836  -0.12558098  0.11528457],0,1.0,False
6,24,[ 0.09061209 -0.18490691 -0.12327529 -0.2142311 ],1,1.0,False
6,25,[ 0.08691396 -0.37807056 -0.12755992  0.03716437],0,1.0,False
6,26,[ 0.07935254 -0.5711544  -0.12681662  0.28703603],0,1.0,False
6,27,[ 0.06792945 -0.37447357 -0.1210759  -0.04280035],1,1.0,False
6,28,[ 0.06043998 -0.56767005 -0.12193191  0.20936343],0,1.0,False
6,29,[ 0.04908658 -0.37103474 -0.11774464 -0.11915886],1,1.0,False
6,30,[ 0.04166589 -0.5642901  -0.12012782  0.13418008],0,1.0,False
6,31,[ 0.03038009 -0.7575048  -0.11744422  0.38668084],0,1.0,False
6,32,[ 0.01522999 -0.5609286  -0.1097106   0.05939841],1,1.0,False
6,33,[ 0.00401142 -0.75432044 -0.10852263  0.3155519 ],0,1.0,False
6,34,[-0.01107499 -0.5578335  -0.10221159 -0.00928775],1,1.0,False
6,35,[-0.02223166 -0.75135237 -0.10239735  0.24947765],0,1.0,False
6,36,[-0.03725871 -0.55492854 -0.0974078  -0.07366705],1,1.0,False
6,37,[-0.04835728 -0.74852884 -0.09888113  0.18676421],0,1.0,False
6,38,[-0.06332786 -0.5521414  -0.09514585 -0.13540168],1,1.0,False
6,39,[-0.07437068 -0.7457809  -0.09785388  0.12581308],0,1.0,False
6,40,[-0.08928631 -0.9393747  -0.09533762  0.38609147],0,1.0,False
6,41,[-0.1080738  -0.74303776 -0.0876158   0.06493667],1,1.0,False
6,42,[-0.12293455 -0.546776   -0.08631706 -0.25405282],1,1.0,False
6,43,[-0.13387008 -0.74056625 -0.09139812  0.01020457],0,1.0,False
6,44,[-0.1486814  -0.9342666  -0.09119403  0.27270877],0,1.0,False
6,45,[-0.16736673 -0.7379698  -0.08573985 -0.04728687],1,1.0,False
6,46,[-0.18212613 -0.93176436 -0.08668559  0.21716046],0,1.0,False
6,47,[-0.20076141 -0.735517   -0.08234238 -0.10155886],1,1.0,False
6,48,[-0.21547176 -0.92936826 -0.08437356  0.16405149],0,1.0,False
6,49,[-0.23405913 -0.7331462  -0.08109253 -0.154011  ],1,1.0,False
6,50,[-0.24872205 -0.92701906 -0.08417275  0.11202755],0,1.0,False
6,51,[-0.26726243 -0.7307981  -0.08193219 -0.20597932],1,1.0,False
6,52,[-0.28187838 -0.9246587  -0.08605178  0.05977491],0,1.0,False
6,53,[-0.30037156 -1.1184481  -0.08485628  0.32411554],0,1.0,False
6,54,[-0.32274053 -0.9222269  -0.07837397  0.00592488],1,1.0,False
6,55,[-0.34118506 -1.1161425  -0.07825547  0.272887  ],0,1.0,False
6,56,[-0.36350793 -0.9199962  -0.07279773 -0.04341563],1,1.0,False
6,57,[-0.38190785 -1.1140028  -0.07366604  0.22543994],0,1.0,False
6,58,[-0.4041879  -0.9179096  -0.06915725 -0.08954041],1,1.0,False
6,59,[-0.4225461  -0.72186804 -0.07094806 -0.4032159 ],1,1.0,False
6,60,[-0.43698344 -0.9159158  -0.07901237 -0.13371773],0,1.0,False
6,61,[-0.45530176 -1.1098223  -0.08168673  0.13302909],0,1.0,False
6,62,[-0.4774982  -0.913631   -0.07902615 -0.1842657 ],1,1.0,False
6,63,[-0.49577084 -1.1075386  -0.08271146  0.08247828],0,1.0,False
6,64,[-0.5179216  -0.91133434 -0.08106189 -0.23511137],1,1.0,False
6,65,[-0.5361483  -1.1052102  -0.08576412  0.03094134],0,1.0,False
6,66,[-0.5582525  -0.9089697  -0.08514529 -0.2875212 ],1,1.0,False
6,67,[-0.5764319  -1.1027807  -0.09089572 -0.0228603 ],0,1.0,False
6,68,[-0.5984875  -0.9064807  -0.09135292 -0.34278128],1,1.0,False
6,69,[-0.61661714 -1.1001923  -0.09820855 -0.0802459 ],0,1.0,False
6,70,[-0.638621   -1.2937794  -0.09981347  0.17990841],0,1.0,False
6,71,[-0.66449654 -1.0973812  -0.0962153  -0.14251891],1,1.0,False
6,72,[-0.68644416 -1.291003   -0.09906568  0.11832673],0,1.0,False
6,73,[-0.71226424 -1.0946114  -0.09669915 -0.20389386],1,1.0,False
6,74,[-0.7341565  -1.2882271  -0.10077702  0.05678755],0,1.0,False
6,75,[-0.759921   -1.0918154  -0.09964127 -0.26591352],1,1.0,False
6,76,[-0.7817573  -1.2853845  -0.10495954 -0.00624613],0,1.0,False
6,77,[-0.807465   -1.4788568  -0.10508446  0.25156382],0,1.0,False
6,78,[-0.83704215 -1.2824035  -0.10005319 -0.07232863],1,1.0,False
6,79,[-0.8626902  -1.4759593  -0.10149976  0.1871865 ],0,1.0,False
6,80,[-0.8922094  -1.2795427  -0.09775603 -0.1357118 ],1,1.0,False
6,81,[-0.91780025 -1.4731385  -0.10047027  0.12460082],0,1.0,False
6,82,[-0.947263   -1.2767314  -0.09797825 -0.19801268],1,1.0,False
6,83,[-0.97279763 -1.4703254  -0.1019385   0.06222601],0,1.0,False
6,84,[-1.0022042  -1.6638491  -0.10069399  0.32108682],0,1.0,False
6,85,[-1.0354811  -1.4674482  -0.09427225 -0.00157642],1,1.0,False
6,86,[-1.0648301  -1.6611006  -0.09430378  0.25993735],0,1.0,False
6,87,[-1.0980521  -1.8547586  -0.08910503  0.52144945],0,1.0,False
6,88,[-1.1351473  -1.6585028  -0.07867604  0.20207147],1,1.0,False
6,89,[-1.1683173  -1.8524166  -0.07463461  0.46893543],0,1.0,False
6,90,[-1.2053657 -1.656324  -0.0652559  0.1536932],1,1.0,False
6,91,[-1.2384921  -1.4603313  -0.06218204 -0.1588417 ],1,1.0,False
6,92,[-1.2676988  -1.6545105  -0.06535887  0.11359432],0,1.0,False
6,93,[-1.300789   -1.4585159  -0.06308699 -0.19897173],1,1.0,False
6,94,[-1.3299593  -1.6526815  -0.06706642  0.07316194],0,1.0,False
6,95,[-1.3630129  -1.846781   -0.06560318  0.343954  ],0,1.0,False
6,96,[-1.3999486  -1.6507901  -0.0587241   0.03132654],1,1.0,False
6,97,[-1.4329643  -1.4548774  -0.05809757 -0.27929103],1,1.0,False
6,98,[-1.4620619  -1.6491245  -0.06368339 -0.00548302],0,1.0,False
6,99,[-1.4950444  -1.4531497  -0.06379305 -0.31755948],1,1.0,False
6,100,[-1.5241073  -1.6473078  -0.07014424 -0.04565719],0,1.0,False
6,101,[-1.5570536  -1.4512538  -0.07105739 -0.35962054],1,1.0,False
6,102,[-1.5860786  -1.6452975  -0.0782498  -0.09016279],0,1.0,False
6,103,[-1.6189846  -1.8392158  -0.08005305  0.17684251],0,1.0,False
6,104,[-1.6557689  -1.6430448  -0.0765162  -0.13998194],1,1.0,False
6,105,[-1.6886297  -1.8369923  -0.07931584  0.12761414],0,1.0,False
6,106,[-1.7253696  -1.6408288  -0.07676356 -0.18900019],1,1.0,False
6,107,[-1.7581862  -1.8347735  -0.08054356  0.07851364],0,1.0,False
6,108,[-1.7948817  -1.6385949  -0.07897329 -0.2384546 ],1,1.0,False
6,109,[-1.8276535  -1.832505   -0.08374238  0.02831002],0,1.0,False
6,110,[-1.8643037  -1.6362882  -0.08317618 -0.28957528],1,1.0,False
6,111,[-1.8970294  -1.8301316  -0.08896769 -0.0242409 ],0,1.0,False
6,112,[-1.933632   -1.6338539  -0.08945251 -0.34361508],1,1.0,False
6,113,[-1.9663092 -1.8275969 -0.0963248 -0.0804264],0,1.0,False
6,114,[-2.002861   -1.6312356  -0.09793333 -0.40187874],1,1.0,False
6,115,[-2.0354857  -1.824842   -0.1059709  -0.14160712],0,1.0,False
6,116,[-2.0719826  -1.6283745  -0.10880305 -0.46575233],1,1.0,False
6,117,[-2.1045501  -1.8218044  -0.1181181  -0.20924814],0,1.0,False
6,118,[-2.1409862  -2.0150568  -0.12230306  0.04396452],0,1.0,False
6,119,[-2.1812873  -1.8184127  -0.12142377 -0.28466588],1,1.0,False
6,120,[-2.2176557  -2.0116124  -0.12711708 -0.03261087],0,1.0,False
6,121,[-2.2578878  -1.8149184  -0.1277693  -0.36254317],1,1.0,False
6,122,[-2.294186   -2.008015   -0.13502017 -0.11272167],0,1.0,False
6,123,[-2.3343465  -1.8112425  -0.13727461 -0.44476923],1,1.0,False
6,124,[-2.3705714  -2.0041823  -0.14616999 -0.19831406],0,1.0,False
6,125,[-2.410655   -2.1969442  -0.15013626  0.04492412],0,1.0,True
7,0,[ 0.00543222  0.15437135 -0.01778329 -0.34572288],1,1.0,False
7,1,[ 0.00851965  0.3497417  -0.02469775 -0.64396006],1,1.0,False
7,2,[ 0.01551448  0.1549725  -0.03757695 -0.3591558 ],0,1.0,False
7,3,[ 0.01861393  0.35060793 -0.04476007 -0.6634468 ],1,1.0,False
7,4,[ 0.02562609  0.1561363  -0.058029   -0.3851866 ],0,1.0,False
7,5,[ 0.02874882  0.352032   -0.06573273 -0.6955865 ],1,1.0,False
7,6,[ 0.03578946  0.15788034 -0.07964446 -0.42429945],0,1.0,False
7,7,[ 0.03894706 -0.03602839 -0.08813045 -0.15774912],0,1.0,False
7,8,[ 0.0382265   0.16023757 -0.09128544 -0.4768823 ],1,1.0,False
7,9,[ 0.04143125 -0.03348492 -0.10082308 -0.21430913],0,1.0,False
7,10,[ 0.04076155  0.1629231  -0.10510927 -0.5370168 ],1,1.0,False
7,11,[ 0.04402001 -0.03057618 -0.1158496  -0.27921498],0,1.0,False
7,12,[ 0.04340849  0.16599144 -0.1214339  -0.6060736 ],1,1.0,False
7,13,[ 0.04672832 -0.02724199 -0.13355537 -0.35397187],0,1.0,False
7,14,[ 0.04618348 -0.22023714 -0.1406348  -0.10620581],0,1.0,False
7,15,[ 0.04177874 -0.41309294 -0.14275892  0.13901138],0,1.0,False
7,16,[ 0.03351688 -0.21624556 -0.1399787  -0.19508466],1,1.0,False
7,17,[ 0.02919197 -0.4091166  -0.1438804   0.05037269],0,1.0,False
7,18,[ 0.02100963 -0.6019138  -0.14287294  0.2944252 ],0,1.0,False
7,19,[ 0.00897136 -0.40507463 -0.13698444 -0.03968703],1,1.0,False
7,20,[ 0.00086986 -0.5979935  -0.13777818  0.20683286],0,1.0,False
7,21,[-0.01109001 -0.79090387 -0.13364153  0.45307755],0,1.0,False
7,22,[-0.02690808 -0.59417033 -0.12457997  0.12143478],1,1.0,False
7,23,[-0.03879149 -0.7873076  -0.12215127  0.37236366],0,1.0,False
7,24,[-0.05453764 -0.5906813  -0.114704    0.04379861],1,1.0,False
7,25,[-0.06635127 -0.7839876  -0.11382803  0.2982035 ],0,1.0,False
7,26,[-0.08203102 -0.5874426  -0.10786396 -0.02809927],1,1.0,False
7,27,[-0.09377987 -0.78086567 -0.10842595  0.2286986 ],0,1.0,False
7,28,[-0.10939719 -0.5843748  -0.10385197 -0.09612177],1,1.0,False
7,29,[-0.12108468 -0.7778668  -0.1057744   0.16207492],0,1.0,False
7,30,[-0.13664202 -0.5814021  -0.10253291 -0.16201478],1,1.0,False
7,31,[-0.14827006 -0.77491814 -0.1057732   0.09664291],0,1.0,False
7,32,[-0.16376843 -0.96837765 -0.10384034  0.35417095],0,1.0,False
7,33,[-0.18313597 -0.7719443  -0.09675693  0.03063382],1,1.0,False
7,34,[-0.19857486 -0.9655551  -0.09614425  0.29128954],0,1.0,False
7,35,[-0.21788596 -0.7692031  -0.09031846 -0.03010109],1,1.0,False
7,36,[-0.23327002 -0.96292156 -0.09092048  0.23277467],0,1.0,False
7,37,[-0.25252846 -0.76662606 -0.08626498 -0.08714622],1,1.0,False
7,38,[-0.26786098 -0.9604124  -0.08800791  0.17712186],0,1.0,False
7,39,[-0.28706923 -0.7641484  -0.08446547 -0.14197566],1,1.0,False
7,40,[-0.3023522  -0.95796543 -0.08730499  0.12291014],0,1.0,False
7,41,[-0.3215115  -0.76170826 -0.08484678 -0.19598953],1,1.0,False
7,42,[-0.33674568 -0.9555205  -0.08876657  0.06876805],0,1.0,False
7,43,[-0.3558561  -1.149265   -0.08739121  0.3321776 ],0,1.0,False
7,44,[-0.37884137 -0.95301497 -0.08074766  0.0132655 ],1,1.0,False
7,45,[-0.39790168 -0.75683343 -0.08048235 -0.30376202],1,1.0,False
7,46,[-0.41303834 -0.9507217  -0.08655759 -0.03750736],0,1.0,False
7,47,[-0.4320528  -1.1445026  -0.08730774  0.22665966],0,1.0,False
7,48,[-0.45494282 -0.94824845 -0.08277454 -0.09223619],1,1.0,False
7,49,[-0.4739078  -1.1420925  -0.08461927  0.17322631],0,1.0,False
7,50,[-0.49674964 -0.9458677  -0.08115474 -0.14490595],1,1.0,False
7,51,[-0.515667   -1.1397394  -0.08405286  0.12111104],0,1.0,False
7,52,[-0.5384618  -0.94352    -0.08163064 -0.19686133],1,1.0,False
7,53,[-0.5573322  -1.1373852  -0.08556787  0.06899539],0,1.0,False
7,54,[-0.5800799  -0.9411474  -0.08418796 -0.2494107 ],1,1.0,False
7,55,[-0.5989028  -1.1349725  -0.08917618  0.01557519],0,1.0,False
7,56,[-0.6216023  -0.9386923  -0.08886467 -0.30385822],1,1.0,False
7,57,[-0.64037615 -1.1324428  -0.09494183 -0.04047104],0,1.0,False
7,58,[-0.663025   -0.9360967  -0.09575126 -0.3615348 ],1,1.0,False
7,59,[-0.68174696 -1.1297365  -0.10298195 -0.10051348],0,1.0,False
7,60,[-0.70434165 -1.3232434  -0.10499223  0.15798579],0,1.0,False
7,61,[-0.7308065  -1.1267871  -0.10183251 -0.16588686],1,1.0,False
7,62,[-0.7533423  -1.3203151  -0.10515025  0.09301424],0,1.0,False
7,63,[-0.77974856 -1.1238555  -0.10328996 -0.2309048 ],1,1.0,False
7,64,[-0.8022257  -1.3173615  -0.10790806  0.02749389],0,1.0,False
7,65,[-0.8285729  -1.1208708  -0.10735818 -0.29719126],1,1.0,False
7,66,[-0.85099036 -1.3143116  -0.113302   -0.04020332],0,1.0,False
7,67,[-0.87727654 -1.5076418  -0.11410607  0.21469311],0,1.0,False
7,68,[-0.9074294  -1.3110892  -0.10981221 -0.11169304],1,1.0,False
7,69,[-0.93365115 -1.5044802  -0.11204607  0.14442638],0,1.0,False
7,70,[-0.96374077 -1.6978341  -0.10915754  0.39976585],0,1.0,False
7,71,[-0.9976975  -1.5013467  -0.10116223  0.07476028],1,1.0,False
7,72,[-1.0277244  -1.6948838  -0.09966702  0.3338908 ],0,1.0,False
7,73,[-1.061622   -1.4984951  -0.0929892   0.01151592],1,1.0,False
7,74,[-1.091592   -1.692169   -0.09275888  0.27347213],0,1.0,False
7,75,[-1.1254354  -1.8858534  -0.08728944  0.5355178 ],0,1.0,False
7,76,[-1.1631525  -1.6896194  -0.07657909  0.21665706],1,1.0,False
7,77,[-1.1969448  -1.493491   -0.07224594 -0.09916563],1,1.0,False
7,78,[-1.2268146  -1.6875072  -0.07422926  0.16987762],0,1.0,False
7,79,[-1.2605648  -1.8814925  -0.0708317   0.43825096],0,1.0,False
7,80,[-1.2981946  -1.6854432  -0.06206669  0.12410733],1,1.0,False
7,81,[-1.3319035  -1.4894896  -0.05958454 -0.18749313],1,1.0,False
7,82,[-1.3616933 -1.6837106 -0.0633344  0.085814 ],0,1.0,False
7,83,[-1.3953675  -1.4877406  -0.06161812 -0.22615941],1,1.0,False
7,84,[-1.4251223  -1.6819303  -0.06614131  0.04646806],0,1.0,False
7,85,[-1.4587609  -1.4859254  -0.06521194 -0.2663279 ],1,1.0,False
7,86,[-1.4884794  -1.680059   -0.07053851  0.00509475],0,1.0,False
7,87,[-1.5220807  -1.484      -0.07043661 -0.30898347],1,1.0,False
7,88,[-1.5517606  -1.6780514  -0.07661628 -0.03931946],0,1.0,False
7,89,[-1.5853217  -1.481919   -0.07740267 -0.35515794],1,1.0,False
7,90,[-1.61496    -1.67586    -0.08450583 -0.08785115],0,1.0,False
7,91,[-1.6484772  -1.8696754  -0.08626285  0.17701931],0,1.0,False
7,92,[-1.6858708  -1.6734318  -0.08272246 -0.14158158],1,1.0,False
7,93,[-1.7193394  -1.8672775  -0.08555409  0.12390011],0,1.0,False
7,94,[-1.7566849  -1.6710407  -0.08307609 -0.19450074],1,1.0,False
7,95,[-1.7901057  -1.864882   -0.0869661   0.07086226],0,1.0,False
7,96,[-1.8274033  -1.6686279  -0.08554886 -0.24794224],1,1.0,False
7,97,[-1.860776   -1.8624306  -0.09050771  0.01657788],0,1.0,False
7,98,[-1.8980246  -1.666135   -0.09017615 -0.3032332 ],1,1.0,False
7,99,[-1.9313473  -1.8598639  -0.09624081 -0.04029657],0,1.0,False
7,100,[-1.9685445  -1.6635029  -0.09704675 -0.361726  ],1,1.0,False
7,101,[-2.0018146  -1.8571212  -0.10428126 -0.10115216],0,1.0,False
7,102,[-2.0389569  -1.6606714  -0.10630431 -0.42482936],1,1.0,False
7,103,[-2.0721705  -1.8541394  -0.11480089 -0.16745995],0,1.0,False
7,104,[-2.1092532  -2.047447   -0.11815009  0.0869153 ],0,1.0,False
7,105,[-2.150202   -1.850847   -0.11641179 -0.24058403],1,1.0,False
7,106,[-2.1872191  -2.0441303  -0.12122347  0.01323075],0,1.0,False
7,107,[-2.2281017  -1.8474972  -0.12095886 -0.31510684],1,1.0,False
7,108,[-2.2650516  -2.040707   -0.127261   -0.06288472],0,1.0,False
7,109,[-2.3058658  -1.8440121  -0.12851869 -0.39285526],1,1.0,False
7,110,[-2.342746   -2.0370984  -0.13637578 -0.14329505],0,1.0,False
7,111,[-2.383488   -2.2300305  -0.1392417   0.10344575],0,1.0,False
7,112,[-2.4280887  -2.033216   -0.13717277 -0.22972332],1,1.0,True
8,0,[-0.01475043  0.20304465  0.0011386  -0.27418897],1,1.0,False
8,1,[-0.01068954  0.39815035 -0.00434518 -0.5665126 ],1,1.0,False
8,2,[-0.00272653  0.593333   -0.01567543 -0.86056125],1,1.0,False
8,3,[ 0.00914013  0.398428   -0.03288665 -0.572848  ],0,1.0,False
8,4,[ 0.01710869  0.2037822  -0.04434362 -0.2907042 ],0,1.0,False
8,5,[ 0.02118433  0.39950746 -0.0501577  -0.59703624],1,1.0,False
8,6,[ 0.02917448  0.20512198 -0.06209842 -0.32056487],0,1.0,False
8,7,[ 0.03327692  0.40107077 -0.06850972 -0.63216674],1,1.0,False
8,8,[ 0.04129834  0.20696816 -0.08115306 -0.36182192],0,1.0,False
8,9,[ 0.0454377   0.40314418 -0.08838949 -0.6789503 ],1,1.0,False
8,10,[ 0.05350058  0.20935406 -0.1019685  -0.4153526 ],0,1.0,False
8,11,[ 0.05768766  0.01581397 -0.11027555 -0.15647724],0,1.0,False
8,12,[ 0.05800394  0.21232787 -0.1134051  -0.48181292],1,1.0,False
8,13,[ 0.0622505   0.01897394 -0.12304135 -0.22691473],0,1.0,False
8,14,[ 0.06262998 -0.17419444 -0.12757964  0.02456433],0,1.0,False
8,15,[ 0.05914609  0.02250434 -0.12708837 -0.30549264],1,1.0,False
8,16,[ 0.05959618 -0.17059909 -0.13319822 -0.055437  ],0,1.0,False
8,17,[ 0.05618419  0.02615628 -0.13430695 -0.38700044],1,1.0,False
8,18,[ 0.05670732 -0.16682896 -0.14204697 -0.13949713],0,1.0,False
8,19,[ 0.05337074 -0.35966095 -0.1448369   0.10521612],0,1.0,False
8,20,[ 0.04617752 -0.5524424  -0.14273259  0.3489271 ],0,1.0,False
8,21,[ 0.03512868 -0.35560945 -0.13575405  0.01485908],1,1.0,False
8,22,[ 0.02801649 -0.5485498  -0.13545686  0.26181763],0,1.0,False
8,23,[ 0.01704549 -0.3517804  -0.1302205  -0.07033531],1,1.0,False
8,24,[ 0.01000988 -0.54481834 -0.13162722  0.17859323],0,1.0,False
8,25,[-0.00088648 -0.34808242 -0.12805535 -0.1525446 ],1,1.0,False
8,26,[-0.00784813 -0.5411604  -0.13110624  0.09715551],0,1.0,False
8,27,[-0.01867134 -0.7341834  -0.12916313  0.34577027],0,1.0,False
8,28,[-0.03335501 -0.5374834  -0.12224773  0.01530957],1,1.0,False
8,29,[-0.04410467 -0.73065937 -0.12194154  0.26705968],0,1.0,False
8,30,[-0.05871786 -0.5340272  -0.11660034 -0.06146036],1,1.0,False
8,31,[-0.0693984  -0.7273011  -0.11782955  0.19227904],0,1.0,False
8,32,[-0.08394443 -0.9205576  -0.11398397  0.44559202],0,1.0,False
8,33,[-0.10235558 -0.72402316 -0.10507213  0.11926456],1,1.0,False
8,34,[-0.11683604 -0.52756494 -0.10268684 -0.20463194],1,1.0,False
8,35,[-0.12738734 -0.72107995 -0.10677948  0.05397462],0,1.0,False
8,36,[-0.14180894 -0.9145217  -0.10569999  0.31115103],0,1.0,False
8,37,[-0.16009937 -0.7180651  -0.09947696 -0.01290719],1,1.0,False
8,38,[-0.17446068 -0.9116301  -0.0997351   0.24680692],0,1.0,False
8,39,[-0.19269328 -0.71523565 -0.09479897 -0.07559433],1,1.0,False
8,40,[-0.20699799 -0.90887976 -0.09631085  0.18573844],0,1.0,False
8,41,[-0.22517559 -0.7125212  -0.09259608 -0.13570607],1,1.0,False
8,42,[-0.23942602 -0.90620327 -0.09531021  0.12638807],0,1.0,False
8,43,[-0.2575501  -1.0998398  -0.09278245  0.38754576],0,1.0,False
8,44,[-0.2795469  -0.9035317  -0.08503153  0.06711125],1,1.0,False
8,45,[-0.2976175  -0.70730007 -0.08368931 -0.25114185],1,1.0,False
8,46,[-0.3117635  -0.9011334  -0.08871214  0.01401464],0,1.0,False
8,47,[-0.32978618 -1.0948786  -0.08843185  0.2774423 ],0,1.0,False
8,48,[-0.35168374 -0.8986136  -0.08288301 -0.04176984],1,1.0,False
8,49,[-0.36965603 -1.0924551  -0.0837184   0.22365479],0,1.0,False
8,50,[-0.39150512 -0.8962427  -0.07924531 -0.09421766],1,1.0,False
8,51,[-0.40942997 -1.0901446  -0.08112966  0.1724488 ],0,1.0,False
8,52,[-0.43123287 -0.89396095 -0.07768068 -0.14468484],1,1.0,False
8,53,[-0.4491121  -1.0878894  -0.08057438  0.12251554],0,1.0,False
8,54,[-0.47086987 -0.8917111  -0.07812407 -0.19446051],1,1.0,False
8,55,[-0.4887041  -1.0856336  -0.08201328  0.07259095],0,1.0,False
8,56,[-0.51041675 -0.8894375  -0.08056146 -0.24479891],1,1.0,False
8,57,[-0.5282055  -1.0833219  -0.08545744  0.02142499],0,1.0,False
8,58,[-0.549872   -0.887085   -0.08502894 -0.29695013],1,1.0,False
8,59,[-0.56761366 -1.0808984  -0.09096794 -0.03224875],0,1.0,False
8,60,[-0.5892316  -0.88459766 -0.09161291 -0.3521901 ],1,1.0,False
8,61,[-0.6069236  -1.0783055  -0.09865672 -0.08974332],0,1.0,False
8,62,[-0.6284897  -1.2718852  -0.10045158  0.17025606],0,1.0,False
8,63,[-0.6539274  -1.0754795  -0.09704646 -0.15235025],1,1.0,False
8,64,[-0.675437   -1.2690877  -0.10009347  0.10820849],0,1.0,False
8,65,[-0.7008187  -1.0726844  -0.0979293  -0.21430017],1,1.0,False
8,66,[-0.7222724  -1.2662798  -0.1022153   0.04595641],0,1.0,False
8,67,[-0.747598   -1.069852   -0.10129617 -0.27714646],1,1.0,False
8,68,[-0.76899505 -1.2633939  -0.10683911 -0.01805195],0,1.0,False
8,69,[-0.79426295 -1.4568343  -0.10720014  0.23910327],0,1.0,False
8,70,[-0.8233996  -1.2603573  -0.10241807 -0.08537702],1,1.0,False
8,71,[-0.84860677 -1.4538734  -0.10412562  0.17331773],0,1.0,False
8,72,[-0.87768424 -1.2574272  -0.10065926 -0.15031317],1,1.0,False
8,73,[-0.9028328  -1.4509745  -0.10366552  0.10899432],0,1.0,False
8,74,[-0.9318523  -1.2545316  -0.10148564 -0.21451128],1,1.0,False
8,75,[-0.9569429  -1.4480673  -0.10577586  0.04451296],0,1.0,False
8,76,[-0.9859043  -1.641526   -0.10488561  0.30203894],0,1.0,False
8,77,[-1.0187348  -1.4450777  -0.09884483 -0.02179398],1,1.0,False
8,78,[-1.0476363  -1.6386534  -0.09928071  0.23813917],0,1.0,False
8,79,[-1.0804094  -1.8322271  -0.09451792  0.49792942],0,1.0,False
8,80,[-1.117054   -1.6359085  -0.08455934  0.17701896],1,1.0,False
8,81,[-1.149772   -1.8297249  -0.08101895  0.44187403],0,1.0,False
8,82,[-1.1863666  -1.6335555  -0.07218147  0.12479167],1,1.0,False
8,83,[-1.2190378  -1.8275732  -0.06968564  0.39385733],0,1.0,False
8,84,[-1.2555891  -1.6315352  -0.06180849  0.08004299],1,1.0,False
8,85,[-1.2882199  -1.8257191  -0.06020764  0.3526026 ],0,1.0,False
8,86,[-1.3247342  -1.629795   -0.05315558  0.04155855],1,1.0,False
8,87,[-1.3573302  -1.4339527  -0.05232441 -0.26741037],1,1.0,False
8,88,[-1.3860092  -1.6282903  -0.05767262  0.00832081],0,1.0,False
8,89,[-1.418575  -1.8225398 -0.0575062  0.2822642],0,1.0,False
8,90,[-1.4550258  -1.6266468  -0.05186092 -0.02798715],1,1.0,False
8,91,[-1.4875587  -1.430821   -0.05242066 -0.33657125],1,1.0,False
8,92,[-1.5161752  -1.6251591  -0.05915209 -0.06086886],0,1.0,False
8,93,[-1.5486784  -1.4292412  -0.06036947 -0.37161243],1,1.0,False
8,94,[-1.5772631  -1.6234559  -0.06780171 -0.09855897],0,1.0,False
8,95,[-1.6097323  -1.8175439  -0.06977289  0.17198569],0,1.0,False
8,96,[-1.6460831  -1.6214963  -0.06633317 -0.14186682],1,1.0,False
8,97,[-1.678513   -1.8156086  -0.06917051  0.12917367],0,1.0,False
8,98,[-1.7148253  -1.6195674  -0.06658704 -0.18450478],1,1.0,False
8,99,[-1.7472166  -1.8136766  -0.07027714  0.08645156],0,1.0,False
8,100,[-1.7834902  -1.6176213  -0.06854811 -0.2275499 ],1,1.0,False
8,101,[-1.8158426  -1.8117001  -0.07309911  0.04274723],0,1.0,False
8,102,[-1.8520765  -1.6156102  -0.07224416 -0.27207413],1,1.0,False
8,103,[-1.8843888  -1.8096309  -0.07768564 -0.00302352],0,1.0,False
8,104,[-1.9205813  -1.6134857  -0.07774612 -0.3191705 ],1,1.0,False
8,105,[-1.952851   -1.8074193  -0.08412952 -0.05198322],0,1.0,False
8,106,[-1.9889995  -1.6111981  -0.08516919 -0.36997896],1,1.0,False
8,107,[-2.0212235  -1.8050133  -0.09256876 -0.10531951],0,1.0,False
8,108,[-2.0573237  -1.608695   -0.09467515 -0.4257124 ],1,1.0,False
8,109,[-2.0894976  -1.8023574  -0.1031894  -0.16431275],0,1.0,False
8,110,[-2.1255448  -1.6059213  -0.10647566 -0.48768348],1,1.0,False
8,111,[-2.157663   -1.7993925  -0.11622933 -0.23036486],0,1.0,False
8,112,[-2.193651   -1.9926783  -0.12083662  0.02351319],0,1.0,False
8,113,[-2.2335045  -1.7960494  -0.12036636 -0.30471918],1,1.0,False
8,114,[-2.2694256  -1.9892687  -0.12646075 -0.05228942],0,1.0,False
8,115,[-2.309211   -1.7925817  -0.12750654 -0.38204446],1,1.0,False
8,116,[-2.3450625  -1.9856844  -0.13514742 -0.13212721],0,1.0,False
8,117,[-2.3847764  -1.7889113  -0.13778996 -0.46420774],1,1.0,False
8,118,[-2.4205546  -1.9818447  -0.14707412 -0.21793292],0,1.0,True
9,0,[ 0.01073484  0.2019821   0.0225599  -0.30281886],1,1.0,False
9,1,[ 0.01477449  0.39677536  0.01650353 -0.58830243],1,1.0,False
9,2,[ 0.02270999  0.59166235  0.00473748 -0.8757413 ],1,1.0,False
9,3,[ 0.03454324  0.39647636 -0.01277735 -0.5815727 ],0,1.0,False
9,4,[ 0.04247277  0.20153573 -0.0244088  -0.2929421 ],0,1.0,False
9,5,[ 0.04650348  0.39699703 -0.03026764 -0.5932222 ],1,1.0,False
9,6,[ 0.05444342  0.20231156 -0.04213209 -0.31022507],0,1.0,False
9,7,[ 0.05848965  0.3980077  -0.04833659 -0.61589193],1,1.0,False
9,8,[ 0.06644981  0.2035932  -0.06065443 -0.33881623],0,1.0,False
9,9,[ 0.07052168  0.39952344 -0.06743075 -0.6499926 ],1,1.0,False
9,10,[ 0.07851214  0.20540231 -0.0804306  -0.37928227],0,1.0,False
9,11,[ 0.08262019  0.40156886 -0.08801625 -0.6962019 ],1,1.0,False
9,12,[ 0.09065156  0.20777068 -0.10194029 -0.43247333],0,1.0,False
9,13,[ 0.09480698  0.01422868 -0.11058976 -0.17358603],0,1.0,False
9,14,[ 0.09509155  0.21074536 -0.11406147 -0.4990075 ],1,1.0,False
9,15,[ 0.09930646  0.01740068 -0.12404162 -0.24433638],0,1.0,False
9,16,[ 0.09965447 -0.17575139 -0.12892835  0.00679086],0,1.0,False
9,17,[ 0.09613945  0.02096122 -0.12879254 -0.32362908],1,1.0,False
9,18,[ 0.09655867 -0.17211409 -0.13526511 -0.07417517],0,1.0,False
9,19,[ 0.09311639 -0.3650637  -0.13674863  0.17295875],0,1.0,False
9,20,[ 0.08581512 -0.1682765  -0.13328944 -0.1595453 ],1,1.0,False
9,21,[ 0.08244959 -0.36126336 -0.13648035  0.08829616],0,1.0,False
9,22,[ 0.07522432 -0.5541919  -0.13471442  0.33499715],0,1.0,False
9,23,[ 0.06414048 -0.35743564 -0.12801449  0.0030504 ],1,1.0,False
9,24,[ 0.05699177 -0.5505114  -0.12795348  0.2527607 ],0,1.0,False
9,25,[ 0.04598154 -0.3538167  -0.12289827 -0.07738521],1,1.0,False
9,26,[ 0.0389052  -0.5469821  -0.12444597  0.17413628],0,1.0,False
9,27,[ 0.02796556 -0.35031918 -0.12096324 -0.15506956],1,1.0,False
9,28,[ 0.02095918 -0.5435202  -0.12406463  0.09713782],0,1.0,False
9,29,[ 0.01008877 -0.7366658  -0.12212188  0.34824792],0,1.0,False
9,30,[-0.00464454 -0.5400377  -0.11515692  0.01968776],1,1.0,False
9,31,[-0.0154453  -0.73333603 -0.11476316  0.27393347],0,1.0,False
9,32,[-0.03011202 -0.5367796  -0.1092845  -0.0526281 ],1,1.0,False
9,33,[-0.04084761 -0.73017865 -0.11033706  0.20367415],0,1.0,False
9,34,[-0.05545118 -0.5336659  -0.10626357 -0.12167579],1,1.0,False
9,35,[-0.0661245  -0.72711766 -0.10869709  0.13568227],0,1.0,False
9,36,[-0.08066685 -0.92052835 -0.10598344  0.39219213],0,1.0,False
9,37,[-0.09907742 -0.72407454 -0.0981396   0.06806401],1,1.0,False
9,38,[-0.11355891 -0.9176625  -0.09677832  0.32824194],0,1.0,False
9,39,[-0.13191216 -0.72130555 -0.09021349  0.00667633],1,1.0,False
9,40,[-0.14633827 -0.91502565 -0.09007996  0.26958808],0,1.0,False
9,41,[-0.16463879 -0.7187414  -0.08468819 -0.05009227],1,1.0,False
9,42,[-0.17901361 -0.91255337 -0.08569004  0.21471515],0,1.0,False
9,43,[-0.19726469 -0.71631753 -0.08139574 -0.10372063],1,1.0,False
9,44,[-0.21159104 -0.9101844  -0.08347015  0.16221292],0,1.0,False
9,45,[-0.22979471 -0.7139728  -0.08022589 -0.15559143],1,1.0,False
9,46,[-0.24407418 -0.9078599  -0.08333772  0.11074269],0,1.0,False
9,47,[-0.26223138 -0.7116488  -0.08112287 -0.2070255 ],1,1.0,False
9,48,[-0.27646434 -0.90552264 -0.08526338  0.05900495],0,1.0,False
9,49,[-0.2945748  -1.0993252  -0.08408327  0.3236156 ],0,1.0,False
9,50,[-0.3165613  -0.9031129  -0.07761096  0.00564558],1,1.0,False
9,51,[-0.33462358 -0.7069686  -0.07749806 -0.31047988],1,1.0,False
9,52,[-0.34876293 -0.9009058  -0.08370765 -0.04320888],0,1.0,False
9,53,[-0.36678106 -1.0947338  -0.08457183  0.22193389],0,1.0,False
9,54,[-0.38867572 -0.8985113  -0.08013315 -0.09618246],1,1.0,False
9,55,[-0.40664595 -1.0923988  -0.0820568   0.17018153],0,1.0,False
9,56,[-0.42849392 -0.89620405 -0.07865317 -0.14721797],1,1.0,False
9,57,[-0.44641802 -1.0901167  -0.08159753  0.11965158],0,1.0,False
9,58,[-0.46822035 -0.8939262  -0.0792045  -0.19761805],1,1.0,False
9,59,[-0.48609886 -1.0878311  -0.08315686  0.06906579],0,1.0,False
9,60,[-0.5078555  -0.8916216  -0.08177555 -0.24865158],1,1.0,False
9,61,[-0.52568793 -1.0854863  -0.08674858  0.01715844],0,1.0,False
9,62,[-0.5473977  -0.88923424 -0.0864054  -0.30158472],1,1.0,False
9,63,[-0.5651823  -1.0830252  -0.0924371  -0.03735428],0,1.0,False
9,64,[-0.58684283 -0.88670766 -0.09318419 -0.3577113 ],1,1.0,False
9,65,[-0.604577   -1.0803899  -0.10033841 -0.09580494],0,1.0,False
9,66,[-0.62618476 -1.2739413  -0.10225451  0.16361186],0,1.0,False
9,67,[-0.6516636  -1.0775154  -0.09898227 -0.15949829],1,1.0,False
9,68,[-0.6732139  -1.2710912  -0.10217224  0.10039084],0,1.0,False
9,69,[-0.69863576 -1.0746646  -0.10016442 -0.22269882],1,1.0,False
9,70,[-0.720129   -1.2682229  -0.1046184   0.03678418],0,1.0,False
9,71,[-0.7454935  -1.0717684  -0.10388272 -0.28698814],1,1.0,False
9,72,[-0.76692885 -1.2652673  -0.10962248 -0.02879112],0,1.0,False
9,73,[-0.7922342  -1.4586604  -0.1101983   0.22739275],0,1.0,False
9,74,[-0.82140744 -1.2621503  -0.10565045 -0.09791727],1,1.0,False
9,75,[-0.8466504  -1.4556118  -0.10760879  0.15965356],0,1.0,False
9,76,[-0.87576264 -1.259127   -0.10441572 -0.16494486],1,1.0,False
9,77,[-0.9009452  -1.4526113  -0.10771462  0.09305846],0,1.0,False
9,78,[-0.92999744 -1.6460377  -0.10585345  0.34990966],0,1.0,False
9,79,[-0.96291816 -1.4495821  -0.09885526  0.02581278],1,1.0,False
9,80,[-0.9919098  -1.6431576  -0.098339    0.28574234],0,1.0,False
9,81,[-1.024773   -1.4467808  -0.09262415 -0.03626489],1,1.0,False
9,82,[-1.0537086  -1.6404608  -0.09334945  0.22581728],0,1.0,False
9,83,[-1.0865178  -1.4441373  -0.0888331  -0.09479071],1,1.0,False
9,84,[-1.1154006  -1.6378812  -0.09072892  0.16859655],0,1.0,False
9,85,[-1.1481582  -1.8315952  -0.08735698  0.43133476],0,1.0,False
9,86,[-1.1847901  -1.6353519  -0.07873029  0.11244202],1,1.0,False
9,87,[-1.2174971  -1.8292626  -0.07648145  0.3792843 ],0,1.0,False
9,88,[-1.2540823  -1.6331426  -0.06889576  0.06350058],1,1.0,False
9,89,[-1.2867452  -1.8272126  -0.06762575  0.3336756 ],0,1.0,False
9,90,[-1.3232895  -1.6311966  -0.06095224  0.02045682],1,1.0,False
9,91,[-1.3559134  -1.8253938  -0.06054311  0.29330292],0,1.0,False
9,92,[-1.3924212  -1.6294633  -0.05467705 -0.01784323],1,1.0,False
9,93,[-1.4250106  -1.8237603  -0.05503391  0.25709957],0,1.0,False
9,94,[-1.4614857  -1.6278975  -0.04989192 -0.05242151],1,1.0,False
9,95,[-1.4940437  -1.432097   -0.05094035 -0.36041898],1,1.0,False
9,96,[-1.5226856  -1.6264592  -0.05814873 -0.08422378],0,1.0,False
9,97,[-1.5552149  -1.430554   -0.05983321 -0.394671  ],1,1.0,False
9,98,[-1.583826   -1.6247782  -0.06772663 -0.12143654],0,1.0,False
9,99,[-1.6163214  -1.8188678  -0.07015536  0.14913392],0,1.0,False
9,100,[-1.6526989  -1.622815   -0.06717268 -0.1648306 ],1,1.0,False
9,101,[-1.6851552  -1.8169142  -0.07046929  0.1059278 ],0,1.0,False
9,102,[-1.7214934  -1.6208569  -0.06835073 -0.20812915],1,1.0,False
9,103,[-1.7539105  -1.8149383  -0.07251332  0.0622337 ],0,1.0,False
9,104,[-1.7902093  -1.6188556  -0.07126864 -0.2524176 ],1,1.0,False
9,105,[-1.8225864  -1.8128914  -0.076317    0.01696192],0,1.0,False
9,106,[-1.8588443  -1.6167626  -0.07597776 -0.29879034],1,1.0,False
9,107,[-1.8911796  -1.810724   -0.08195356 -0.03100363],0,1.0,False
9,108,[-1.927394   -1.6145282  -0.08257364 -0.3483769 ],1,1.0,False
9,109,[-1.9596846  -1.8083845  -0.08954117 -0.08283219],0,1.0,False
9,110,[-1.9958522  -1.6121007  -0.09119782 -0.40236834],1,1.0,False
9,111,[-2.0280943  -1.8058189  -0.09924518 -0.13977373],0,1.0,False
9,112,[-2.0642107  -1.6094259  -0.10204066 -0.4620438 ],1,1.0,False
9,113,[-2.096399   -1.8029689  -0.11128154 -0.2031874 ],0,1.0,False
9,114,[-2.1324584  -1.996338   -0.11534528  0.05242291],0,1.0,False
9,115,[-2.1723852  -1.7997673  -0.11429682 -0.27431023],1,1.0,False
9,116,[-2.2083807  -1.9930886  -0.11978303 -0.01975037],0,1.0,False
9,117,[-2.2482424  -1.7964708  -0.12017804 -0.3476961 ],1,1.0,False
9,118,[-2.2841718  -1.9896966  -0.12713195 -0.09519511],0,1.0,False
9,119,[-2.3239658  -1.7930034  -0.12903586 -0.42512995],1,1.0,False
9,120,[-2.3598258  -1.9860841  -0.13753846 -0.17574815],0,1.0,False
9,121,[-2.3995476  -2.178997   -0.14105342  0.07057977],0,1.0,False
9,122,[-2.4431274  -1.9821643  -0.13964182 -0.26306948],1,1.0,True
